ip,round,value
10.42.0.116,0,0.0
10.42.0.116,1,0.0
10.42.0.116,208,0.0
10.42.0.116,363,0.0
10.42.0.116,454,0.0
10.42.0.116,530,0.0
10.42.0.116,601,0.0
10.42.0.116,692,0.0
10.42.0.116,759,0.0
10.42.0.116,775,0.0
10.42.0.116,929,2.127257032290189
10.42.0.116,1048,0.6432919623726728
10.42.0.116,1133,0.27377870564111584
10.42.0.116,1224,0.10969892565533257
10.42.0.116,1313,0.04484713392037937
10.42.0.116,1403,1.9869638774458895
10.42.0.116,1493,9.733208219584387
10.42.0.116,1555,12.175586919380727
10.42.0.116,1602,13.238906718571
10.42.0.116,1626,13.61634750485878
10.42.0.116,1715,12.955899127887259
10.42.0.116,1838,14.406212215442288
10.42.0.116,1947,14.801451106939965
10.42.0.116,2036,14.91882920690779
10.42.0.116,2127,14.967476108940046
10.42.0.116,2209,14.985734452154148
10.42.0.116,2291,14.993742881041904
10.42.0.116,2378,14.961459118228522
10.42.0.116,2468,11.327547117671589
10.42.0.116,2556,9.847299030508637
10.42.0.116,2600,8.315573941934193
10.42.0.116,2630,7.8147451387556135
10.42.0.116,2684,7.531060304642937
10.42.0.116,2807,8.191114969842
10.42.0.116,2931,8.631563977049302
10.42.0.116,3018,9.094855762549871
10.42.0.116,3104,10.910069920306453
10.42.0.116,3191,10.44619879678685
10.42.0.116,3278,9.531130383031238
10.42.0.116,3366,9.96238263911566
10.42.0.116,3453,8.95108100605772
10.42.0.116,3541,8.782508540870705
10.42.0.116,3621,9.057772155391051
10.42.0.116,3667,9.261099352653407
10.42.0.116,3713,9.411213386914765
10.42.0.116,3791,9.505277744499502
10.42.0.116,3921,12.060166297450612
10.42.0.116,4006,10.490214677496695
10.42.0.116,4095,9.342359828015287
10.42.0.116,4184,9.938468707090555
10.42.0.116,4271,9.364692359925957
10.42.0.116,4358,9.486707282022634
10.42.0.116,4447,9.825600819245636
10.42.0.116,4535,9.958851242446663
10.42.0.116,4624,9.88891051041488
10.42.0.116,4698,9.681193604441162
10.42.0.116,4753,11.04697792406809
10.42.0.116,4814,11.048986523759645
10.42.0.116,4921,10.41048667562365
10.42.0.118,0,0.0
10.42.0.118,1,0.0
10.42.0.118,139,0.0
10.42.0.118,341,0.0
10.42.0.118,430,0.0
10.42.0.118,521,0.0
10.42.0.118,614,0.0
10.42.0.118,702,0.0
10.42.0.118,794,0.0
10.42.0.118,886,0.0
10.42.0.118,978,15.0
10.42.0.118,1070,15.0
10.42.0.118,1143,15.0
10.42.0.118,1225,15.0
10.42.0.118,1308,15.0
10.42.0.118,1399,15.0
10.42.0.118,1488,15.0
10.42.0.118,1579,15.0
10.42.0.118,1604,15.0
10.42.0.118,1690,15.0
10.42.0.118,1817,15.0
10.42.0.118,1925,15.0
10.42.0.118,2000,7.130100630085611
10.42.0.118,2079,4.509154889810808
10.42.0.118,2153,6.412998656590832
10.42.0.118,2207,7.310310527314594
10.42.0.118,2261,8.149836675699973
10.42.0.118,2321,8.762268910321817
10.42.0.118,2413,8.431701864040555
10.42.0.118,2497,14.928967865503344
10.42.0.118,2567,11.439714438175658
10.42.0.118,2632,9.590789655611546
10.42.0.118,2698,8.661025747220343
10.42.0.118,2793,8.123392496269904
10.42.0.118,2881,8.304954812821281
10.42.0.118,2974,8.829300526976764
10.42.0.118,3064,9.501863986951518
10.42.0.118,3136,9.671038148674242
10.42.0.118,3169,9.629645772701343
10.42.0.118,3199,9.54157748032949
10.42.0.118,3268,11.46967605403937
10.42.0.118,3366,8.787732148295003
10.42.0.118,3456,8.537660654459366
10.42.0.118,3535,8.735824072999899
10.42.0.118,3609,9.11029025909464
10.42.0.118,3698,9.804357266280437
10.42.0.118,3788,10.109213910485105
10.42.0.118,3873,10.014663366041196
10.42.0.118,3947,9.757695409029042
10.42.0.118,4031,14.690702707961051
10.42.0.118,4079,11.686594661047154
10.42.0.118,4121,10.399195234665294
10.42.0.118,4164,9.852686081533534
10.42.0.118,4253,9.587945740927191
10.42.0.118,4342,9.553694814253397
10.42.0.118,4427,9.676295277833162
10.42.0.118,4515,10.019538755717239
10.42.0.118,4610,10.340374466594533
10.42.0.118,4706,10.2475376835075
10.42.0.119,0,0.0
10.42.0.119,1,0.0
10.42.0.119,2,0.0
10.42.0.119,127,1.1497965971647146
10.42.0.119,320,9.895562184233086
10.42.0.119,527,12.301856072761236
10.42.0.119,628,12.960264416868402
10.42.0.119,715,12.134080771336798
10.42.0.119,805,13.041665675573144
10.42.0.119,875,13.800681276013222
10.42.0.119,895,5.752585107463827
10.42.0.119,909,6.153920400536617
10.42.0.119,998,7.223005840893119
10.42.0.119,1119,9.307775238885895
10.42.0.119,1238,12.863952654747028
10.42.0.119,1331,13.444281839123075
10.42.0.119,1413,10.727194783543146
10.42.0.119,1498,9.21273218637669
10.42.0.119,1586,9.050351459141085
10.42.0.119,1671,8.522030545422536
10.42.0.119,1757,6.829055168675924
10.42.0.119,1843,7.123555693508215
10.42.0.119,1886,7.126920574844817
10.42.0.119,1911,6.998884862724693
10.42.0.119,1940,6.8793509627658
10.42.0.119,2020,7.743931515464765
10.42.0.119,2125,10.802257806482181
10.42.0.119,2227,10.068281440395763
10.42.0.119,2326,8.896250075279202
10.42.0.119,2421,5.131702309458446
10.42.0.119,2526,8.102264110237627
10.42.0.119,2621,8.659244702887076
10.42.0.119,2717,8.858332237190114
10.42.0.119,2803,9.225659479175864
10.42.0.119,2887,9.78877655568682
10.42.0.119,2912,9.713316589329262
10.42.0.119,2938,10.090743793104709
10.42.0.119,2978,10.331949449095038
10.42.0.119,3068,9.305190126303723
10.42.0.119,3179,5.309831830867554
10.42.0.119,3288,8.624329969851578
10.42.0.119,3391,9.171457210152544
10.42.0.119,3484,9.348506488458636
10.42.0.119,3588,9.08983501668963
10.42.0.119,3678,9.582455752480541
10.42.0.119,3766,10.902702445846552
10.42.0.119,3854,10.350797320737168
10.42.0.119,3925,9.925369124309661
10.42.0.119,3954,9.813397007350405
10.42.0.119,3982,9.738151054542513
10.42.0.119,4046,8.365263697130755
10.42.0.119,4149,9.538724955649199
10.42.0.119,4256,9.816327294383385
10.42.0.119,4349,9.917672318366693
10.42.0.119,4438,10.300736181844753
10.42.0.119,4533,11.226529092739929
10.42.0.119,4633,10.000860025718476
10.42.0.119,4732,9.644333590042141
10.42.0.119,4819,9.586572171511662
10.42.0.120,0,0.0
10.42.0.120,1,0.0
10.42.0.120,2,0.0
10.42.0.120,3,0.0
10.42.0.120,68,0.0
10.42.0.120,233,6.75128516492604
10.42.0.120,312,11.24507254889702
10.42.0.120,327,11.765787211697981
10.42.0.120,330,11.860909296123884
10.42.0.120,409,10.007370913134368
10.42.0.120,481,9.319969987993858
10.42.0.120,584,9.414858448191739
10.42.0.120,674,10.23415494823421
10.42.0.120,802,9.139563602639651
10.42.0.120,907,6.647435859991377
10.42.0.120,956,5.90966421242911
10.42.0.120,1027,5.485719325335701
10.42.0.120,1089,5.192189485625051
10.42.0.120,1141,5.5945519357923645
10.42.0.120,1160,5.880424321928057
10.42.0.120,1169,13.575077467017696
10.42.0.120,1186,10.750612968062395
10.42.0.120,1218,8.227865141013787
10.42.0.120,1261,7.517187797413325
10.42.0.120,1337,8.116765417089388
10.42.0.120,1415,8.333218443867503
10.42.0.120,1476,8.35680576848401
10.42.0.120,1529,8.362189125784909
10.42.0.120,1588,8.357576864623622
10.42.0.120,1647,14.817896084482904
10.42.0.120,1698,10.335535191008983
10.42.0.120,1747,9.095049264708727
10.42.0.120,1763,8.75872018597292
10.42.0.120,1780,8.625619973241061
10.42.0.120,1790,8.60614596265046
10.42.0.120,1827,8.67364199954573
10.42.0.120,1884,8.809004490987636
10.42.0.120,1952,8.256596371736684
10.42.0.120,2026,8.253754589397946
10.42.0.120,2099,13.277040046732498
10.42.0.120,2151,10.382747558414927
10.42.0.120,2217,9.68792121044992
10.42.0.120,2264,9.56679067393042
10.42.0.120,2319,9.610078784127454
10.42.0.120,2363,9.651922902577857
10.42.0.120,2383,9.659091910509867
10.42.0.120,2398,9.656613834931685
10.42.0.120,2409,9.650032697208099
10.42.0.120,2474,9.758465774283275
10.42.0.120,2542,13.717818590441702
10.42.0.120,2626,9.101584221338893
10.42.0.120,2672,9.119297563485036
10.42.0.120,2736,9.181624475835171
10.42.0.120,2818,8.928855768994385
10.42.0.120,2897,8.698558506482037
10.42.0.120,2964,9.130326550571894
10.42.0.120,3021,9.666584283003868
10.42.0.120,3074,9.846949649570037
10.42.0.120,3090,9.849434600581006
10.42.0.121,0,0.0
10.42.0.121,1,0.0
10.42.0.121,2,0.0
10.42.0.121,78,0.0
10.42.0.121,254,8.313750086983678
10.42.0.121,255,8.334803552684114
10.42.0.121,267,8.967908024768967
10.42.0.121,281,9.388030822584765
10.42.0.121,329,9.458710111825898
10.42.0.121,406,8.919688153826689
10.42.0.121,503,7.849320152714612
10.42.0.121,599,7.598331240760032
10.42.0.121,703,7.732109578773785
10.42.0.121,808,7.956864577265287
10.42.0.121,901,8.851161056234451
10.42.0.121,1001,9.711562607041516
10.42.0.121,1097,9.992562858595946
10.42.0.121,1192,9.486162071744896
10.42.0.121,1252,9.06330399558316
10.42.0.121,1280,8.899912588042517
10.42.0.121,1310,6.473668304774815
10.42.0.121,1391,7.691777788535504
10.42.0.121,1485,8.656131167229187
10.42.0.121,1588,9.162010404606681
10.42.0.121,1698,10.346151054556623
10.42.0.121,1799,10.25060483718138
10.42.0.121,1899,9.846458737376908
10.42.0.121,1993,9.506210701076437
10.42.0.121,2081,8.887869836314241
10.42.0.121,2178,5.0828223056116935
10.42.0.121,2275,8.824200192759237
10.42.0.121,2317,9.258287880556466
10.42.0.121,2354,9.451383395605175
10.42.0.121,2378,9.52131724723767
10.42.0.121,2472,9.48691014773248
10.42.0.121,2569,10.087532202213014
10.42.0.121,2676,10.572532507168047
10.42.0.121,2784,10.261206737870571
10.42.0.121,2890,9.308650151477847
10.42.0.121,2981,5.1736448796896415
10.42.0.121,3078,9.03848481650663
10.42.0.121,3176,9.823488690510525
10.42.0.121,3273,10.02172657848869
10.42.0.121,3369,10.747360413109886
10.42.0.121,3398,10.982032905067934
10.42.0.121,3423,11.103424532858877
10.42.0.121,3459,11.017078903569008
10.42.0.121,3550,10.34533114589773
10.42.0.121,3639,9.945920800987182
10.42.0.121,3742,5.712858244548697
10.42.0.121,3847,8.512912353321171
10.42.0.121,3956,9.666655327608233
10.42.0.121,4056,10.089633916678874
10.42.0.121,4131,10.350162636783615
10.42.0.121,4223,11.36993920314522
10.42.0.121,4320,11.050564057434325
10.42.0.121,4400,10.352538428763799
10.42.0.121,4433,10.152277332163338
10.42.0.121,4454,10.058500945586701
10.42.0.123,0,0.0
10.42.0.123,1,0.0
10.42.0.123,131,0.0
10.42.0.123,334,4.13517343339696
10.42.0.123,420,5.865445113304916
10.42.0.123,450,6.199749491378616
10.42.0.123,538,6.664247684486726
10.42.0.123,686,6.883883709746061
10.42.0.123,767,7.474243685395308
10.42.0.123,856,9.345840955797984
10.42.0.123,947,7.897814062768855
10.42.0.123,984,8.256058364461309
10.42.0.123,1021,8.440361848796579
10.42.0.123,1061,8.493443820706453
10.42.0.123,1181,7.629152073880348
10.42.0.123,1319,8.306227313084742
10.42.0.123,1407,8.92892785696874
10.42.0.123,1498,9.43841940327013
10.42.0.123,1588,9.598729169513911
10.42.0.123,1678,9.876771190754758
10.42.0.123,1767,8.05713153549652
10.42.0.123,1855,8.825523507428665
10.42.0.123,1942,8.189533003888947
10.42.0.123,2021,8.402395687587635
10.42.0.123,2056,8.583477049685415
10.42.0.123,2089,8.741139521983204
10.42.0.123,2154,8.995788964362907
10.42.0.123,2274,9.148150114147665
10.42.0.123,2400,9.384228464348734
10.42.0.123,2494,5.05048462022987
10.42.0.123,2582,7.908061663032766
10.42.0.123,2672,9.039888599618171
10.42.0.123,2762,8.114995713553736
10.42.0.123,2849,8.26381696274918
10.42.0.123,2937,9.022989891342394
10.42.0.123,3026,9.4971451284453
10.42.0.123,3093,9.69976432392297
10.42.0.123,3124,9.76707509999111
10.42.0.123,3158,9.867736528897439
10.42.0.123,3253,5.06326963598724
10.42.0.123,3377,8.837803511360425
10.42.0.123,3489,9.40121882009637
10.42.0.123,3577,8.327926508749838
10.42.0.123,3667,8.216138330915237
10.42.0.123,3757,8.542686942842488
10.42.0.123,3847,8.91425479161722
10.42.0.123,3935,9.44896718687134
10.42.0.123,4023,9.881291274260423
10.42.0.123,4110,11.027780861741261
10.42.0.123,4156,5.061653997321877
10.42.0.123,4192,6.82729046278886
10.42.0.123,4222,7.779643394358143
10.42.0.123,4335,9.302884826962377
10.42.0.123,4463,9.426784535862463
10.42.0.123,4567,8.838023672065104
10.42.0.123,4656,9.334982179905362
10.42.0.123,4747,9.47729365346509
10.42.0.123,4835,9.597536774669921
10.42.0.123,4925,9.764732301407792
10.42.0.116,5004,9.96042246359494
10.42.0.116,5091,9.730740529255973
10.42.0.116,5179,9.653376599570063
10.42.0.116,5267,9.797893798849687
10.42.0.116,5355,10.062764572088355
10.42.0.116,5443,10.205254592306655
10.42.0.116,5532,10.997812827519764
10.42.0.116,5619,11.443442921902346
10.42.0.116,5708,10.578506671033502
10.42.0.116,5776,10.194396126707542
10.42.0.116,5837,10.040493902576909
10.42.0.116,5908,9.981565855429213
10.42.0.116,6002,10.025546022609007
10.42.0.116,6085,10.328033603476165
10.42.0.116,6173,10.543064975007251
10.42.0.116,6261,10.444666137761411
10.42.0.116,6350,11.228062019426764
10.42.0.116,6433,11.427083464717992
10.42.0.116,6524,10.471283583303956
10.42.0.116,6610,9.916579075900177
10.42.0.116,6697,9.980032089443565
10.42.0.116,6785,10.063719653552063
10.42.0.116,6847,10.320566628279666
10.42.0.116,6922,10.56419786019209
10.42.0.116,7001,10.68426795777427
10.42.0.116,7085,10.623106378443003
10.42.0.116,7167,9.946285938486971
10.42.0.116,7256,11.22840611118784
10.42.0.116,7344,10.989943273850127
10.42.0.116,7433,10.748806655190753
10.42.0.116,7523,10.063757858106737
10.42.0.116,7613,10.252676376626715
10.42.0.116,7703,10.26975245324667
10.42.0.116,7792,10.233769659503867
10.42.0.116,7880,10.20997987445475
10.42.0.116,7943,10.216313518605062
10.42.0.116,8028,10.233323858330952
10.42.0.116,8114,10.503717904291376
10.42.0.116,8200,12.139026568327322
10.42.0.116,8287,12.315270439986305
10.42.0.116,8374,10.230665735654703
10.42.0.116,8465,10.92592986846317
10.42.0.116,8553,11.035524166032552
10.42.0.116,8642,10.892655630469518
10.42.0.116,8732,10.486101585949955
10.42.0.116,8821,10.127662470434167
10.42.0.116,8911,9.985924347409313
10.42.0.116,8987,11.853954160994777
10.42.0.116,9039,11.914253819159077
10.42.0.116,9109,11.669897276181748
10.42.0.116,9215,10.135678051137146
10.42.0.116,9303,10.442182192044042
10.42.0.116,9391,10.426206953596427
10.42.0.116,9481,10.3388882544991
10.42.0.116,9571,10.255052223990228
10.42.0.116,9660,10.198881862566179
10.42.0.116,9747,11.10692940417531
10.42.0.116,9837,12.485119905656605
10.42.0.116,9926,12.642002427082636
10.42.0.116,10016,12.486792978401407
10.42.0.118,4796,14.092538929262385
10.42.0.118,4875,10.59836879409156
10.42.0.118,4952,9.808406538493404
10.42.0.118,5022,9.830499495510525
10.42.0.118,5063,9.885063134625758
10.42.0.118,5094,9.925485646194621
10.42.0.118,5171,10.226356468855672
10.42.0.118,5260,10.701007343152943
10.42.0.118,5363,10.616238172231197
10.42.0.118,5454,10.267690928944823
10.42.0.118,5534,14.410567619082132
10.42.0.118,5618,10.529326958236258
10.42.0.118,5689,9.57526999203485
10.42.0.118,5771,9.534832811902334
10.42.0.118,5867,9.8194443573037
10.42.0.118,5954,10.379241925962114
10.42.0.118,6017,10.767115305436697
10.42.0.118,6061,10.758104918971414
10.42.0.118,6110,10.602589601325764
10.42.0.118,6222,9.210059242363844
10.42.0.118,6344,13.942603382112711
10.42.0.118,6427,11.364703741093818
10.42.0.118,6501,10.66800384795929
10.42.0.118,6530,10.55302409086192
10.42.0.118,6567,10.450316439683744
10.42.0.118,6606,10.331346690815066
10.42.0.118,6638,10.227815636626334
10.42.0.118,6666,10.188995320219057
10.42.0.118,6694,10.20472671892632
10.42.0.118,6714,10.239995125330022
10.42.0.118,6740,14.705564490193098
10.42.0.118,6763,13.895561372057875
10.42.0.118,6810,12.773414364065307
10.42.0.118,6854,12.104705364973281
10.42.0.118,6910,11.541540445433013
10.42.0.118,6952,11.248405812766366
10.42.0.118,7002,10.947874053243769
10.42.0.118,7051,10.51051570137544
10.42.0.118,7097,10.016932772523043
10.42.0.118,7149,9.792496830470874
10.42.0.118,7194,14.571287630554906
10.42.0.118,7251,12.079960232455932
10.42.0.118,7280,11.454238042296723
10.42.0.118,7302,11.125233467874695
10.42.0.118,7333,10.797471194202254
10.42.0.118,7379,10.494084220139502
10.42.0.118,7424,10.323525925227335
10.42.0.118,7474,10.219440024924513
10.42.0.118,7520,10.171292147771451
10.42.0.118,7577,10.167189505395449
10.42.0.118,7640,13.912476940649585
10.42.0.118,7690,12.881450160839144
10.42.0.118,7727,12.452639295967765
10.42.0.118,7750,12.267836609023828
10.42.0.118,7772,12.128671344964552
10.42.0.118,7792,12.024224963585835
10.42.0.118,7807,11.955971606548417
10.42.0.118,7820,11.892094094207845
10.42.0.118,7853,11.468787923374608
10.42.0.118,7889,10.965641199422919
10.42.0.119,4905,5.419124297435035
10.42.0.119,4958,8.098227668365952
10.42.0.119,4985,8.757639729177262
10.42.0.119,5006,9.103226945537834
10.42.0.119,5084,9.815475694133777
10.42.0.119,5179,10.07463811928876
10.42.0.119,5275,11.982597385922128
10.42.0.119,5369,11.197467072177467
10.42.0.119,5468,10.142770220285136
10.42.0.119,5574,9.947452159587453
10.42.0.119,5679,5.783969631881601
10.42.0.119,5777,9.260910271770054
10.42.0.119,5863,9.887154743033456
10.42.0.119,5951,9.717167568444578
10.42.0.119,5993,9.561105372055431
10.42.0.119,6019,9.67531106415108
10.42.0.119,6043,9.816151070284889
10.42.0.119,6128,11.018111366450029
10.42.0.119,6219,10.798298359608513
10.42.0.119,6315,10.524085135513953
10.42.0.119,6400,5.687105139808925
10.42.0.119,6493,9.561589864928123
10.42.0.119,6581,10.1650241553546
10.42.0.119,6679,9.874892800676465
10.42.0.119,6774,9.919394006865412
10.42.0.119,6871,10.005082874724803
10.42.0.119,6966,11.137285491968509
10.42.0.119,6997,11.123494415487794
10.42.0.119,7016,11.046634067802433
10.42.0.119,7048,10.919714302374532
10.42.0.119,7138,6.2462303820982
10.42.0.119,7234,9.729396679748286
10.42.0.119,7334,10.397588192174561
10.42.0.119,7422,10.49000192936599
10.42.0.119,7511,10.457486676233865
10.42.0.119,7598,10.401744175678738
10.42.0.119,7685,10.988969096795277
10.42.0.119,7761,10.251237521036987
10.42.0.119,7848,10.5393015316751
10.42.0.119,7924,10.584120638941835
10.42.0.119,7952,10.620835688429585
10.42.0.119,7975,6.797022703263481
10.42.0.119,8027,9.1734334197534
10.42.0.119,8124,9.868170992033548
10.42.0.119,8205,10.189800958527712
10.42.0.119,8294,10.279143131819898
10.42.0.119,8384,11.119800363046608
10.42.0.119,8460,10.577837121706384
10.42.0.119,8547,10.31669675796795
10.42.0.119,8625,10.84019788384497
10.42.0.119,8718,6.855618349120164
10.42.0.119,8814,10.540019366878047
10.42.0.119,8868,10.90677525345581
10.42.0.119,8886,10.958116222553281
10.42.0.119,8913,10.987725257761687
10.42.0.119,8974,10.21685438514648
10.42.0.119,9072,10.410301682218263
10.42.0.119,9149,11.197052089391704
10.42.0.119,9248,11.497776423948556
10.42.0.119,9333,11.24760269445632
10.42.0.120,3112,14.263069639165431
10.42.0.120,3152,11.086942710804466
10.42.0.120,3236,9.907595567161412
10.42.0.120,3307,9.901637186711545
10.42.0.120,3375,9.85367458837579
10.42.0.120,3448,9.07749322256866
10.42.0.120,3535,9.384131350269008
10.42.0.120,3625,9.33188301998781
10.42.0.120,3690,8.639452925759308
10.42.0.120,3744,9.03961113461527
10.42.0.120,3806,13.36593156717803
10.42.0.120,3868,10.706425243033737
10.42.0.120,3894,10.44979987531946
10.42.0.120,3919,10.315392546442242
10.42.0.120,3966,10.190510597095145
10.42.0.120,4029,10.231841272700516
10.42.0.120,4106,10.388320758486152
10.42.0.120,4213,9.401033350291813
10.42.0.120,4287,9.636431711846866
10.42.0.120,4355,9.802064610797594
10.42.0.120,4416,12.57869960451322
10.42.0.120,4485,9.442261830311587
10.42.0.120,4577,9.24968552850196
10.42.0.120,4646,9.7990182329783
10.42.0.120,4693,10.00913498275935
10.42.0.120,4713,10.032378125488982
10.42.0.120,4732,10.032973810394001
10.42.0.120,4775,10.005922689024038
10.42.0.120,4842,10.099623212308154
10.42.0.120,4934,10.3936533842196
10.42.0.120,5017,12.556594054293763
10.42.0.120,5091,9.549343853847574
10.42.0.120,5192,9.092532880442807
10.42.0.120,5255,9.50743741055289
10.42.0.120,5323,9.758028380577208
10.42.0.120,5393,9.58466225079828
10.42.0.120,5450,9.61496179219827
10.42.0.120,5498,9.999407732400957
10.42.0.120,5532,10.159961329817396
10.42.0.120,5565,10.212736147988844
10.42.0.120,5627,12.69530930504322
10.42.0.120,5702,10.461304277689718
10.42.0.120,5785,10.312817124939873
10.42.0.120,5869,10.37111262330468
10.42.0.120,5950,9.476029374220877
10.42.0.120,6027,9.753655165104691
10.42.0.120,6094,9.715950913706282
10.42.0.120,6206,9.016811460330572
10.42.0.120,6264,9.507826082505064
10.42.0.120,6336,9.880946214920451
10.42.0.120,6371,14.042077411512183
10.42.0.120,6395,12.030625258761255
10.42.0.120,6421,11.142756262427016
10.42.0.120,6485,10.73741962015897
10.42.0.120,6596,10.949277784108627
10.42.0.120,6680,10.891063059291453
10.42.0.120,6764,10.00674169044914
10.42.0.120,6838,10.320427239785554
10.42.0.120,6915,10.285090404166613
10.42.0.120,7010,9.343699835367076
10.42.0.121,4510,5.823171852405736
10.42.0.121,4607,9.310820677411105
10.42.0.121,4705,9.406477129548458
10.42.0.121,4802,10.096112095367245
10.42.0.121,4904,10.134348927975523
10.42.0.121,5009,10.272676228949361
10.42.0.121,5104,10.90501922979632
10.42.0.121,5206,10.80559576907166
10.42.0.121,5306,10.468767191254676
10.42.0.121,5403,9.144030179654438
10.42.0.121,5471,9.6311940948936
10.42.0.121,5489,5.9283304147723825
10.42.0.121,5521,7.937318164496107
10.42.0.121,5591,9.616416407774594
10.42.0.121,5689,9.988284573152454
10.42.0.121,5784,10.065764858244107
10.42.0.121,5885,10.168105563683811
10.42.0.121,5993,11.32697139853212
10.42.0.121,6103,11.557869840099213
10.42.0.121,6194,9.791772951871737
10.42.0.121,6287,6.0101000151111
10.42.0.121,6379,9.955198933910768
10.42.0.121,6465,10.528548043994022
10.42.0.121,6513,10.520662647537536
10.42.0.121,6543,10.476747822144322
10.42.0.121,6570,10.425505653701222
10.42.0.121,6665,10.248942601285542
10.42.0.121,6762,10.84597615977741
10.42.0.121,6864,11.108241254608298
10.42.0.121,6972,11.024952202211578
10.42.0.121,7080,6.062840889892922
10.42.0.121,7177,9.281075725745822
10.42.0.121,7281,10.023069361275045
10.42.0.121,7375,10.197163850756528
10.42.0.121,7477,10.277838637393218
10.42.0.121,7579,11.151664496546733
10.42.0.121,7614,11.359144082352287
10.42.0.121,7651,11.45367564343537
10.42.0.121,7684,11.483074281709126
10.42.0.121,7777,11.53113425086673
10.42.0.121,7874,6.4106313510348585
10.42.0.121,7979,9.908621379397353
10.42.0.121,8086,11.134276584339926
10.42.0.121,8207,11.356069743813515
10.42.0.121,8297,10.994507823856773
10.42.0.121,8397,11.15556221515651
10.42.0.121,8489,11.944895485229804
10.42.0.121,8576,11.909137344183142
10.42.0.121,8667,11.329140623889145
10.42.0.121,8699,11.155989974964314
10.42.0.121,8723,5.304491628349374
10.42.0.121,8778,8.0934303096974
10.42.0.121,8874,10.347682620949126
10.42.0.121,8982,10.74478460358089
10.42.0.121,9091,10.581040264405056
10.42.0.121,9202,10.253835706508642
10.42.0.121,9318,10.891591953303882
10.42.0.121,9425,11.457331312256313
10.42.0.121,9528,11.252310811546474
10.42.0.121,9625,9.707622314783611
10.42.0.123,5013,5.408363653688771
10.42.0.123,5102,8.575706333464412
10.42.0.123,5190,9.683137089012808
10.42.0.123,5224,9.803450679267945
10.42.0.123,5261,8.850220963790402
10.42.0.123,5315,8.848213712170002
10.42.0.123,5417,9.58282291309734
10.42.0.123,5539,9.825215954859335
10.42.0.123,5649,9.909168472472153
10.42.0.123,5740,10.601905846175255
10.42.0.123,5831,5.5272951250648
10.42.0.123,5921,8.810661607234032
10.42.0.123,6011,10.057121802049503
10.42.0.123,6098,9.030968196692964
10.42.0.123,6186,9.437232345844807
10.42.0.123,6263,9.938701338151231
10.42.0.123,6293,10.079612362006353
10.42.0.123,6334,10.217922504656162
10.42.0.123,6417,10.360048344130933
10.42.0.123,6548,10.477562388206582
10.42.0.123,6649,5.568120948270728
10.42.0.123,6737,8.483235728630278
10.42.0.123,6827,9.736017053731587
10.42.0.123,6918,9.710702812575152
10.42.0.123,7008,7.944434531701684
10.42.0.123,7098,8.638100542698716
10.42.0.123,7185,9.35541296818154
10.42.0.123,7274,9.846753933174949
10.42.0.123,7331,10.03316305729384
10.42.0.123,7389,10.350711846807885
10.42.0.123,7426,5.179024980253386
10.42.0.123,7544,8.914007646410347
10.42.0.123,7656,10.028426779177405
10.42.0.123,7745,9.181819173226401
10.42.0.123,7832,9.95911428044094
10.42.0.123,7924,10.527995689035656
10.42.0.123,8015,10.783951396552437
10.42.0.123,8102,10.892184259088348
10.42.0.123,8188,10.541529288147007
10.42.0.123,8278,10.453158785381897
10.42.0.123,8365,5.383667360890633
10.42.0.123,8406,7.464321732113788
10.42.0.123,8446,8.797417197814326
10.42.0.123,8497,9.821033103747613
10.42.0.123,8620,9.363019347439813
10.42.0.123,8738,10.505617808609493
10.42.0.123,8826,10.797693366167973
10.42.0.123,8918,10.594575782665883
10.42.0.123,9008,10.352946212199281
10.42.0.123,9099,10.151633554154424
10.42.0.123,9190,5.555321192165571
10.42.0.123,9278,8.517032590694699
10.42.0.123,9368,9.670277049432338
10.42.0.123,9443,8.888340136318675
10.42.0.123,9490,9.106626199370861
10.42.0.123,9519,9.351860778913002
10.42.0.123,9597,9.93717005697346
10.42.0.123,9743,10.942301937633934
10.42.0.123,9840,11.041652303423854
10.42.0.123,9930,11.191997249629102
10.42.0.116,10096,12.331174732922833
10.42.0.116,10167,11.076635249734199
10.42.0.116,10244,11.583706762421395
10.42.0.116,10330,11.789237782697386
10.42.0.116,10417,11.753247063137435
10.42.0.116,10507,11.500807286632012
10.42.0.116,10596,12.22209651318507
10.42.0.116,10687,12.988503219997368
10.42.0.116,10776,12.168083179836243
10.42.0.116,10864,11.075773843363663
10.42.0.116,10952,10.033247499764693
10.42.0.116,11041,10.17726138061262
10.42.0.116,11128,10.29906934878984
10.42.0.116,11186,10.351623839561487
10.42.0.116,11230,10.370763129616922
10.42.0.116,11309,10.376491025540124
10.42.0.116,11441,10.533215723889693
10.42.0.116,11528,12.419316153954163
10.42.0.116,11614,12.416085331724396
10.42.0.116,11701,12.055903522028729
10.42.0.116,11790,10.249975620788046
10.42.0.116,11879,10.872891822501117
10.42.0.116,11967,10.963390958525352
10.42.0.116,12055,10.660770074858252
10.42.0.116,12142,9.841607485384257
10.42.0.116,12231,9.158776306818279
10.42.0.116,12295,9.418041443331852
10.42.0.116,12367,11.611169263997981
10.42.0.116,12456,12.517724674417119
10.42.0.116,12543,12.50537404403916
10.42.0.116,12631,10.36127702383196
10.42.0.116,12721,10.924262356984775
10.42.0.116,12811,10.908624650012953
10.42.0.116,12901,10.757301670190017
10.42.0.116,12990,10.626215360249578
10.42.0.116,13078,10.506600937027176
10.42.0.116,13166,11.556812320267769
10.42.0.116,13255,12.64567984346038
10.42.0.116,13340,12.550070950944267
10.42.0.116,13394,12.461513343641371
10.42.0.116,13442,10.168937766909309
10.42.0.116,13539,11.171381855184359
10.42.0.116,13642,11.522178533500101
10.42.0.116,13727,10.946577759605727
10.42.0.116,13818,10.013967183717499
10.42.0.116,13907,9.726720844004292
10.42.0.116,13996,11.300335574474046
10.42.0.116,14086,12.61419419942682
10.42.0.116,14176,12.687609646334952
10.42.0.116,14265,12.430155126950215
10.42.0.116,14351,10.377898481076931
10.42.0.116,14427,11.107397435580985
10.42.0.116,14467,11.257315129321341
10.42.0.116,14513,11.291474700786386
10.42.0.116,14660,11.194190821094164
10.42.0.116,14751,11.180095010065232
10.42.0.116,14839,12.319600893797606
10.42.0.116,14925,12.871225699745608
10.42.0.116,15015,12.650026675883947
10.42.0.116,15104,12.321029601569123
10.42.0.118,7922,13.904852764687071
10.42.0.118,7961,12.34683808680074
10.42.0.118,8019,10.390963074277165
10.42.0.118,8074,10.142017212434999
10.42.0.118,8125,10.24118402810386
10.42.0.118,8186,10.373685039575864
10.42.0.118,8245,10.419643702675287
10.42.0.118,8296,10.400695542334931
10.42.0.118,8326,10.372544564083633
10.42.0.118,8352,10.344693138520784
10.42.0.118,8384,14.003579725680343
10.42.0.118,8445,12.497296317592777
10.42.0.118,8502,11.833520085133994
10.42.0.118,8557,11.51992024118508
10.42.0.118,8619,11.321937317234429
10.42.0.118,8675,11.079717506951086
10.42.0.118,8719,10.475509674930763
10.42.0.118,8766,9.247433274696563
10.42.0.118,8808,8.669767327267374
10.42.0.118,8855,8.750940178060867
10.42.0.118,8891,13.576986587112826
10.42.0.118,8913,12.818320072891751
10.42.0.118,8924,12.508001520262626
10.42.0.118,8947,11.977406232984128
10.42.0.118,8988,11.32540258951396
10.42.0.118,9033,10.894571570895602
10.42.0.118,9077,10.64590503700778
10.42.0.118,9108,10.532723511908324
10.42.0.118,9155,10.421790702064117
10.42.0.118,9220,10.465219156745212
10.42.0.118,9286,13.232549853051943
10.42.0.118,9347,12.405615241231732
10.42.0.118,9411,11.968018125542326
10.42.0.118,9456,11.798257255868018
10.42.0.118,9481,11.745585225214189
10.42.0.118,9512,11.710860738739441
10.42.0.118,9566,10.282114542256943
10.42.0.118,9624,9.331759135879746
10.42.0.118,9681,9.546934331424472
10.42.0.118,9722,14.917213973398594
10.42.0.118,9772,13.386769951054527
10.42.0.118,9811,12.690009024057172
10.42.0.118,9856,12.19506144188073
10.42.0.118,9894,11.92891336596758
10.42.0.118,9936,11.694089400209378
10.42.0.118,9998,11.381558876268898
10.42.0.118,10038,11.213914693301662
10.42.0.118,10066,11.156008038285627
10.42.0.118,10098,11.173125834424125
10.42.0.118,10169,14.64950304984743
10.42.0.118,10260,13.061260994976477
10.42.0.118,10322,12.410460227295992
10.42.0.118,10367,12.01643432765017
10.42.0.118,10411,10.934139859755128
10.42.0.118,10453,9.593297094104033
10.42.0.118,10499,9.305235751565279
10.42.0.118,10546,9.543213490774168
10.42.0.118,10590,9.879979956806134
10.42.0.118,10655,10.278959217781898
10.42.0.119,9417,7.560778082382615
10.42.0.119,9523,11.378717826537587
10.42.0.119,9611,11.328642282576824
10.42.0.119,9706,10.897376454353427
10.42.0.119,9789,10.449341521774006
10.42.0.119,9824,10.166474967478324
10.42.0.119,9844,10.014444643821422
10.42.0.119,9872,9.903062659664348
10.42.0.119,9942,10.742941287814178
10.42.0.119,10029,10.423181328573714
10.42.0.119,10115,7.568267526997089
10.42.0.119,10205,10.107614275434122
10.42.0.119,10281,10.501588040708619
10.42.0.119,10361,11.251709998778374
10.42.0.119,10437,11.273276921526932
10.42.0.119,10523,11.080145304057803
10.42.0.119,10616,11.560354291022128
10.42.0.119,10695,10.409965612625536
10.42.0.119,10718,10.296048805314493
10.42.0.119,10738,10.236747628147027
10.42.0.119,10772,6.34241445766046
10.42.0.119,10852,9.41180635685764
10.42.0.119,10944,10.115310712218383
10.42.0.119,11026,10.178498644423186
10.42.0.119,11103,10.09732462940305
10.42.0.119,11186,10.54783475358552
10.42.0.119,11277,11.715779611920944
10.42.0.119,11368,11.55999571802929
10.42.0.119,11454,11.573769626757505
10.42.0.119,11532,10.51695341285237
10.42.0.119,11608,6.036328845382204
10.42.0.119,11634,7.957275980851544
10.42.0.119,11654,8.905851340420629
10.42.0.119,11687,9.861807558478159
10.42.0.119,11763,10.680983302749771
10.42.0.119,11844,10.94362943658892
10.42.0.119,11925,11.04612037149668
10.42.0.119,12004,11.48260616283653
10.42.0.119,12090,11.720818349181572
10.42.0.119,12199,11.588996036566725
10.42.0.119,12283,7.52298854663877
10.42.0.119,12360,9.79234029908216
10.42.0.119,12445,10.255193120586515
10.42.0.119,12498,10.44290609473835
10.42.0.119,12514,10.498860527405359
10.42.0.119,12537,10.569838108203232
10.42.0.119,12583,10.623494750969881
10.42.0.119,12675,10.440902143809637
10.42.0.119,12754,10.852662905598203
10.42.0.119,12854,10.871647709556905
10.42.0.119,12950,8.228082188896128
10.42.0.119,13049,11.371340960155777
10.42.0.119,13150,11.187025113606937
10.42.0.119,13236,10.733155213740117
10.42.0.119,13302,10.66195517653351
10.42.0.119,13383,10.625124134043268
10.42.0.119,13427,11.352126831926732
10.42.0.119,13450,11.170372484600414
10.42.0.119,13467,10.989766224758036
10.42.0.119,13533,10.588369216557739
10.42.0.120,7081,11.912588447042575
10.42.0.120,7163,10.255802079249097
10.42.0.120,7241,10.582304434417614
10.42.0.120,7274,10.753260161096659
10.42.0.120,7297,10.813564907863803
10.42.0.120,7320,10.835873747664913
10.42.0.120,7381,10.821106272656227
10.42.0.120,7454,10.918686006746304
10.42.0.120,7555,9.657697212600072
10.42.0.120,7651,10.012985072894937
10.42.0.120,7733,11.562765871444258
10.42.0.120,7817,9.442022600607475
10.42.0.120,7889,9.297149723085225
10.42.0.120,7981,9.533425978469571
10.42.0.120,8061,10.193954857894752
10.42.0.120,8133,10.70581451159912
10.42.0.120,8172,10.863509019671186
10.42.0.120,8204,10.984804614799204
10.42.0.120,8227,11.076860108396646
10.42.0.120,8287,11.325929775867738
10.42.0.120,8358,11.916655527917488
10.42.0.120,8427,10.474046479669383
10.42.0.120,8504,10.792174169272853
10.42.0.120,8605,9.806882102132809
10.42.0.120,8680,10.347247479880123
10.42.0.120,8752,10.845986304311584
10.42.0.120,8825,11.048864139621399
10.42.0.120,8906,11.421949573235837
10.42.0.120,8988,11.605821501175743
10.42.0.120,9015,11.557918783325874
10.42.0.120,9040,14.041144599302145
10.42.0.120,9067,12.484003369219513
10.42.0.120,9158,11.20794448183916
10.42.0.120,9241,10.79413119671814
10.42.0.120,9307,9.881905667041423
10.42.0.120,9379,10.261120877846173
10.42.0.120,9445,9.409931386994879
10.42.0.120,9521,9.743837083062642
10.42.0.120,9631,10.433710826681107
10.42.0.120,9704,10.604592538782235
10.42.0.120,9775,12.655996735191437
10.42.0.120,9840,11.33520133938634
10.42.0.120,9871,11.175816449267236
10.42.0.120,9902,11.073834339326492
10.42.0.120,9938,11.01943300380605
10.42.0.120,10024,11.025145039809512
10.42.0.120,10107,9.753477146994866
10.42.0.120,10211,10.357083355603185
10.42.0.120,10274,10.282414047729644
10.42.0.120,10331,9.943316273862111
10.42.0.120,10405,10.575301529116196
10.42.0.120,10477,9.666519916342072
10.42.0.120,10583,10.037728425910874
10.42.0.120,10665,10.80420608881549
10.42.0.120,10720,11.103113755220635
10.42.0.120,10741,11.161931782632754
10.42.0.120,10767,11.23029201117821
10.42.0.120,10807,11.392853580473759
10.42.0.120,10894,11.01093382114174
10.42.0.120,10975,9.94051710118422
10.42.0.121,9723,6.210923620088388
10.42.0.121,9802,9.767413842869756
10.42.0.121,9834,10.228214545637478
10.42.0.121,9865,10.498930001819827
10.42.0.121,9937,10.630092296576738
10.42.0.121,10037,10.235302427268744
10.42.0.121,10142,10.8861884538212
10.42.0.121,10254,11.342668163687495
10.42.0.121,10377,11.340058632098957
10.42.0.121,10461,9.62141373203449
10.42.0.121,10549,6.519475367704557
10.42.0.121,10634,9.637782613579827
10.42.0.121,10721,10.633833017508941
10.42.0.121,10806,11.217658097553507
10.42.0.121,10852,11.354068045008747
10.42.0.121,10881,11.459260135944296
10.42.0.121,10901,11.594140041566707
10.42.0.121,10989,11.481646149297944
10.42.0.121,11090,11.348754638663197
10.42.0.121,11196,11.23925543388915
10.42.0.121,11309,6.531209510373705
10.42.0.121,11434,9.121548408974716
10.42.0.121,11533,10.209004142167363
10.42.0.121,11618,11.349721613750594
10.42.0.121,11704,11.729852075307049
10.42.0.121,11793,11.742732740475546
10.42.0.121,11880,11.260423495548684
10.42.0.121,11911,11.2689659601193
10.42.0.121,11940,11.33530781621725
10.42.0.121,11978,11.435154785664206
10.42.0.121,12070,7.680544593007964
10.42.0.121,12163,9.51048551734155
10.42.0.121,12275,10.468683266212484
10.42.0.121,12394,11.394800504387453
10.42.0.121,12514,11.631201287165217
10.42.0.121,12610,11.493116531073762
10.42.0.121,12696,10.633561834700863
10.42.0.121,12784,10.387911098246123
10.42.0.121,12868,10.29202770589331
10.42.0.121,12942,9.237940178940676
10.42.0.121,12974,5.199792970790927
10.42.0.121,13007,7.675267109192154
10.42.0.121,13075,9.882150838406751
10.42.0.121,13168,11.374561086963691
10.42.0.121,13268,11.907510713405465
10.42.0.121,13377,11.904220460243687
10.42.0.121,13500,11.225615476108304
10.42.0.121,13598,10.95017284942574
10.42.0.121,13684,10.767630542202697
10.42.0.121,13772,9.656610545485965
10.42.0.121,13854,7.330046256804622
10.42.0.121,13944,10.597381784662833
10.42.0.121,14000,11.440061903790118
10.42.0.121,14027,11.778056179208953
10.42.0.121,14063,12.101773071577565
10.42.0.121,14132,12.181650761920743
10.42.0.121,14239,11.41057284077723
10.42.0.121,14337,10.749609746147144
10.42.0.121,14446,10.310593957992525
10.42.0.121,14568,8.333618402940552
10.42.0.123,10019,5.656302837060175
10.42.0.123,10111,8.456136627110244
10.42.0.123,10202,9.52545898992246
10.42.0.123,10292,8.483502605413609
10.42.0.123,10379,8.951718511994892
10.42.0.123,10468,9.618971058703025
10.42.0.123,10527,9.872334401383556
10.42.0.123,10570,9.967638462883434
10.42.0.123,10608,10.010496484359823
10.42.0.123,10708,10.293688204282864
10.42.0.123,10829,6.3105455515524325
10.42.0.123,10930,9.573211832312854
10.42.0.123,11019,10.16833699848913
10.42.0.123,11106,8.282531804468931
10.42.0.123,11197,7.947679520669356
10.42.0.123,11287,8.46270619320941
10.42.0.123,11377,9.23145499020214
10.42.0.123,11465,10.05079644353837
10.42.0.123,11555,10.57444266750871
10.42.0.123,11602,10.74715459250923
10.42.0.123,11634,5.061303061986481
10.42.0.123,11680,7.420116202851059
10.42.0.123,11788,10.211567662440892
10.42.0.123,11931,11.262067741130794
10.42.0.123,12022,10.233753481918136
10.42.0.123,12111,10.221531748699455
10.42.0.123,12202,10.346843835123396
10.42.0.123,12292,10.435386199052449
10.42.0.123,12383,10.510609781572304
10.42.0.123,12472,10.569435539056988
10.42.0.123,12557,5.515892677979423
10.42.0.123,12643,8.481949896592562
10.42.0.123,12673,9.113018485689153
10.42.0.123,12704,9.565060385672025
10.42.0.123,12784,10.369301915872606
10.42.0.123,12912,9.968107407370054
10.42.0.123,13018,10.776746147691835
10.42.0.123,13108,10.709214572989321
10.42.0.123,13197,10.73688561395984
10.42.0.123,13287,11.0928766513217
10.42.0.123,13379,6.066495800429883
10.42.0.123,13470,9.036005817701461
10.42.0.123,13560,9.994461728557472
10.42.0.123,13648,8.875416524278831
10.42.0.123,13705,9.232422467121722
10.42.0.123,13735,9.579950552712532
10.42.0.123,13772,10.062392878783612
10.42.0.123,13856,11.020403211213331
10.42.0.123,13982,11.723191835113889
10.42.0.123,14084,11.421673295025158
10.42.0.123,14175,5.94115735189095
10.42.0.123,14264,8.254955801767775
10.42.0.123,14355,9.093487060448666
10.42.0.123,14446,8.056188083524436
10.42.0.123,14536,7.476205341489909
10.42.0.123,14626,8.412322498781213
10.42.0.123,14713,9.736515811895673
10.42.0.123,14763,10.475356870076235
10.42.0.123,14795,10.882404628325089
10.42.0.123,14826,11.217235437672375
