ip,round,value,rel
192.168.57.2,10,9.800800451748293,1.0
192.168.57.2,105,8.266469716049867,1.0
192.168.57.2,199,7.212777758426522,1.0
192.168.57.2,294,7.124375219669495,1.0
192.168.57.2,388,7.527526375533445,1.0
192.168.57.2,481,7.857579884245152,1.0
192.168.57.2,577,7.880214276941723,1.0
192.168.57.2,671,8.629938429876317,1.0
192.168.57.2,765,7.820985625398074,1.0
192.168.57.2,860,7.807594147134712,1.0
192.168.57.2,953,8.704239604224062,1.0
192.168.57.2,1048,8.298248421688083,1.0
192.168.57.2,1142,7.350701205716869,1.0
192.168.57.2,1237,7.307537226569064,1.0
192.168.57.2,1333,7.718325498599426,1.0
192.168.57.2,1428,8.028205286239677,1.0
192.168.57.2,1523,8.049400574246917,1.0
192.168.57.2,1617,8.692382789061787,1.0
192.168.57.2,1711,7.925904608411002,1.0
192.168.57.2,1807,7.914352503958189,1.0
192.168.57.2,1901,8.785191312138501,1.0
192.168.57.2,1994,8.320813475185226,1.0
192.168.57.2,2084,7.434699906795587,1.0
192.168.57.2,2179,7.391352520246131,1.0
192.168.57.2,2275,7.809476405086516,1.0
192.168.57.2,2370,8.111143137356791,1.0
192.168.57.2,2465,8.131054216311123,1.0
192.168.57.2,2557,8.690811970120269,1.0
192.168.57.2,2651,7.972474750193368,1.0
192.168.57.2,2747,7.962084948844195,1.0
192.168.57.2,2842,8.809489660795414,1.0
192.168.57.2,2935,8.354369103770967,1.0
192.168.57.2,3029,7.436781613290328,1.0
192.168.57.2,3124,7.395747952205542,1.0
192.168.57.2,3219,7.791206108363867,1.0
192.168.57.2,3314,8.103300214294729,1.0
192.168.57.2,3410,8.125246891784698,1.0
192.168.57.2,3504,8.69096233563326,1.0
192.168.57.2,3598,7.969762008131376,1.0
192.168.57.2,3694,7.958608431200011,1.0
192.168.57.2,3790,8.820913569963267,1.0
192.168.57.2,3885,8.362330830276301,1.0
192.168.57.2,3979,7.418599489183415,1.0
192.168.57.2,4074,7.376593819819968,1.0
192.168.57.2,4167,7.798739172574527,1.0
192.168.57.2,4262,8.092055509700245,1.0
192.168.57.2,4359,8.111559049842672,1.0
192.168.57.1,35,10.938638302711468,1.0
192.168.57.1,131,7.7509202053419886,1.0
192.168.57.1,226,7.175266918647053,1.0
192.168.57.1,320,7.115523399900716,1.0
192.168.57.1,415,7.6942756373121775,1.0
192.168.57.1,509,7.872521028833718,1.0
192.168.57.1,603,7.8800921832256785,1.0
192.168.57.1,696,7.492793666781464,1.0
192.168.57.1,790,7.785259152671166,1.0
192.168.57.1,886,12.406941806092496,1.0
192.168.57.1,982,8.771706126916992,1.0
192.168.57.1,1077,7.735877563376655,1.0
192.168.57.1,1172,7.3255806931398455,1.0
192.168.57.1,1267,7.304620832092496,1.0
192.168.57.1,1363,7.8748044051584305,1.0
192.168.57.1,1458,8.041423748150121,1.0
192.168.57.1,1552,8.049558969713027,1.0
192.168.57.1,1647,7.608110146234065,1.0
192.168.57.1,1743,7.89422698742403,1.0
192.168.57.1,1837,12.354041935618406,1.0
192.168.57.1,1931,8.865667672743264,1.0
192.168.57.1,2025,7.815271002238798,1.0
192.168.57.1,2120,7.40778086048474,1.0
192.168.57.1,2216,7.388140834783175,1.0
192.168.57.1,2313,7.9602419565974625,1.0
192.168.57.1,2408,8.12334599430247,1.0
192.168.57.1,2504,8.13118063187179,1.0
192.168.57.1,2597,7.656991409079953,1.0
192.168.57.1,2692,7.941149545468604,1.0
192.168.57.1,2787,12.460977960469256,1.0
192.168.57.1,2883,8.889788426941909,1.0
192.168.57.1,2978,7.831821757349908,1.0
192.168.57.1,3074,7.4130424020705705,1.0
192.168.57.1,3167,7.393306602565706,1.0
192.168.57.1,3263,7.947603698474637,1.0
192.168.57.1,3357,8.116551831694645,1.0
192.168.57.1,3453,8.12541427232309,1.0
192.168.57.1,3546,7.6643684642336165,1.0
192.168.57.1,3642,7.940811856534288,1.0
192.168.57.1,3736,12.368929090197003,1.0
192.168.57.1,3828,8.923822880254315,1.0
192.168.57.1,3924,7.814218677379912,1.0
192.168.57.1,4019,7.395074193638478,1.0
192.168.57.1,4114,7.373844958638669,1.0
192.168.57.1,4209,7.9394833256566955,1.0
192.168.57.1,4305,8.103806775925065,1.0
192.168.57.1,4399,8.1116387374082,1.0
192.168.57.1,4495,7.663441804125006,1.0
192.168.57.1,4590,7.9403378197394465,1.0
192.168.57.3,20,6.9314708040307185,1.0
192.168.57.3,115,5.772896714320011,1.0
192.168.57.3,211,7.052675208272104,1.0
192.168.57.3,306,7.086210088408316,1.0
192.168.57.3,400,8.265342470061258,1.0
192.168.57.3,494,7.921577889371591,1.0
192.168.57.3,589,7.879846100281876,1.0
192.168.57.3,684,7.95331975567145,1.0
192.168.57.3,778,7.860946563766022,1.0
192.168.57.3,874,7.693349404438204,1.0
192.168.57.3,970,8.173652160967315,1.0
192.168.57.3,1065,5.825362833134638,1.0
192.168.57.3,1159,7.245922351274155,1.0
192.168.57.3,1254,7.2951339963882305,1.0
192.168.57.3,1350,8.40723628039092,1.0
192.168.57.3,1445,8.087103232384276,1.0
192.168.57.3,1540,8.05021872367017,1.0
192.168.57.3,1634,8.080487910680837,1.0
192.168.57.3,1729,7.9708749575549955,1.0
192.168.57.3,1824,7.800393127811116,1.0
192.168.57.3,1918,8.256876523059278,1.0
192.168.57.3,2012,5.8940609570568725,1.0
192.168.57.3,2107,7.332570859772323,1.0
192.168.57.3,2202,7.378292946413165,1.0
192.168.57.3,2300,8.473618312378399,1.0
192.168.57.3,2395,8.16632294634755,1.0
192.168.57.3,2491,8.13154483782005,1.0
192.168.57.3,2583,8.133378457885435,1.0
192.168.57.3,2677,8.019217652483192,1.0
192.168.57.3,2772,7.850612807824552,1.0
192.168.57.3,2868,8.299942962369991,1.0
192.168.57.3,2964,6.03122917987979,1.0
192.168.57.3,3058,7.34072332778266,1.0
192.168.57.3,3154,7.384599174065724,1.0
192.168.57.3,3248,8.468256229789148,1.0
192.168.57.3,3343,8.160542644429222,1.0
192.168.57.3,3437,8.125980638996253,1.0
192.168.57.3,3532,8.125672474501082,1.0
192.168.57.3,3625,8.01342390030366,1.0
192.168.57.3,3720,7.844870100517255,1.0
192.168.57.3,3815,8.30295952105673,1.0
192.168.57.3,3910,6.030135682977089,1.0
192.168.57.3,4004,7.32193219497802,1.0
192.168.57.3,4097,7.364460540660963,1.0
192.168.57.3,4191,8.44444438202166,1.0
192.168.57.3,4287,8.143636404460668,1.0
192.168.57.3,4382,8.112067465612297,1.0
192.168.57.3,4477,8.123088887034958,1.0
192.168.57.3,4571,8.012776120520476,1.0
192.168.57.3,4666,7.853885847009365,1.0
192.168.57.3,4759,8.295418411696327,1.0
192.168.57.5,69,8.113875544262884,1.0
192.168.57.5,164,7.2345429646625234,1.0
192.168.57.5,260,7.042412505468413,1.0
192.168.57.5,355,11.150347608279876,1.0
192.168.57.5,449,7.881838305353709,1.0
192.168.57.5,543,7.865112192212116,1.0
192.168.57.5,638,7.395892616510928,1.0
192.168.57.5,733,7.81550800700902,1.0
192.168.57.5,827,7.618861976410636,1.0
192.168.57.5,924,7.692618264566407,1.0
192.168.57.5,1019,8.093074966085256,1.0
192.168.57.5,1115,7.587830881826607,1.0
192.168.57.5,1209,7.293458424715494,1.0
192.168.57.5,1305,11.14013753393583,1.0
192.168.57.5,1401,8.052592706027188,1.0
192.168.57.5,1496,8.03882752177488,1.0
192.168.57.5,1590,7.546886410551464,1.0
192.168.57.5,1685,7.9283357322188985,1.0
192.168.57.5,1780,7.724641994604209,1.0
192.168.57.5,1875,7.776144858548088,1.0
192.168.57.5,1969,8.174289375879518,1.0
192.168.57.5,2059,7.677341230746296,1.0
192.168.57.5,2153,7.373799188619263,1.0
192.168.57.5,2247,11.18202900885429,1.0
192.168.57.5,2342,8.135753180930253,1.0
192.168.57.5,2437,8.120065741013164,1.0
192.168.57.5,2531,7.610801596625451,1.0
192.168.57.5,2623,7.97979266779108,1.0
192.168.57.5,2717,7.750190203005216,1.0
192.168.57.5,2810,7.8116363221947065,1.0
192.168.57.5,2905,8.211249402324112,1.0
192.168.57.5,3001,7.686651962973225,1.0
192.168.57.5,3095,7.385086114102565,1.0
192.168.57.5,3190,11.297846917567542,1.0
192.168.57.5,3284,8.135549447706488,1.0
192.168.57.5,3378,8.11389961098557,1.0
192.168.57.5,3473,7.599302324339345,1.0
192.168.57.5,3567,7.976691566405346,1.0
192.168.57.5,3661,7.746808089932883,1.0
192.168.57.5,3756,7.804033591453917,1.0
192.168.57.5,3852,8.213462125628777,1.0
192.168.57.5,3947,7.677513999275368,1.0
192.168.57.5,4041,7.364896571354278,1.0
192.168.57.5,4136,10.954780968193308,1.0
192.168.57.5,4229,8.116947969134719,1.0
192.168.57.5,4324,8.101114972407201,1.0
192.168.57.5,4418,7.585496139299916,1.0
192.168.57.5,4514,7.978385766968101,1.0
192.168.57.5,4609,7.72685135533188,1.0
192.168.57.5,4703,7.814472616787974,1.0
192.168.57.5,4798,8.202578810348536,1.0
192.168.57.5,4893,7.657978079868563,1.0
192.168.57.5,4986,7.373708901807636,1.0
192.168.57.6,55,7.1786034412592095,1.0
192.168.57.6,150,7.273649040616231,1.0
192.168.57.6,246,7.138848836963451,1.0
192.168.57.6,340,7.132941975042462,1.0
192.168.57.6,434,7.780166190419388,1.0
192.168.57.6,529,7.877737814235545,1.0
192.168.57.6,624,5.882888758477759,1.0
192.168.57.6,719,7.733268091003036,1.0
192.168.57.6,813,7.82718730084691,1.0
192.168.57.6,910,8.05616429936565,1.0
192.168.57.6,1005,8.348264234765175,1.0
192.168.57.6,1101,7.485598583800901,1.0
192.168.57.6,1196,7.315173911646835,1.0
192.168.57.6,1291,7.336827587873836,1.0
192.168.57.6,1386,7.957825522470494,1.0
192.168.57.6,1482,8.046800711986764,1.0
192.168.57.6,1577,5.935122553847556,1.0
192.168.57.6,1671,7.825813098881144,1.0
192.168.57.6,1766,7.932923162976772,1.0
192.168.57.6,1861,8.161572636709165,1.0
192.168.57.6,1954,8.436275247216479,1.0
192.168.57.6,2049,7.568345771450028,1.0
192.168.57.6,2144,7.399497133187194,1.0
192.168.57.6,2237,7.418451042011765,1.0
192.168.57.6,2332,8.03715286177319,1.0
192.168.57.6,2428,8.128319172016514,1.0
192.168.57.6,2522,5.998624675673148,1.0
192.168.57.6,2614,7.866593107733392,1.0
192.168.57.6,2709,7.98060185886358,1.0
192.168.57.6,2804,8.192602186616483,1.0
192.168.57.6,2900,8.47063608700287,1.0
192.168.57.6,2994,7.583150023260915,1.0
192.168.57.6,3090,7.402843282996801,1.0
192.168.57.6,3186,7.416878799906343,1.0
192.168.57.6,3280,8.027507042958264,1.0
192.168.57.6,3374,8.122008509196379,1.0
192.168.57.6,3469,5.954586803201857,1.0
192.168.57.6,3564,7.870947535146441,1.0
192.168.57.6,3660,7.977954698146667,1.0
192.168.57.6,3753,8.18868268024312,1.0
192.168.57.6,3849,8.47429916515968,1.0
192.168.57.6,3943,7.570833314720337,1.0
192.168.57.6,4038,7.384759704666981,1.0
192.168.57.6,4132,7.40578006498825,1.0
192.168.57.6,4227,8.019697309879943,1.0
192.168.57.6,4323,8.108714589606254,1.0
192.168.57.6,4417,5.992544772420191,1.0
192.168.57.6,4513,7.87875847883462,1.0
192.168.57.6,4609,7.978639354661826,1.0
192.168.57.6,4703,8.205389112939178,1.0
192.168.57.6,4798,8.46515843083284,1.0
192.168.57.6,4893,7.555096052139137,1.0
192.168.57.6,4988,7.398320039961553,1.0
192.168.57.6,5077,7.427262129927079,1.0
192.168.57.6,5170,8.02764685792966,1.0
192.168.57.6,5266,8.111687109312646,1.0
192.168.57.4,79,6.436850385991137,1.0
192.168.57.4,174,6.581188572938925,1.0
192.168.57.4,269,6.875343652346057,1.0
192.168.57.4,363,7.213932830745064,1.0
192.168.57.4,458,7.793483027727645,1.0
192.168.57.4,552,7.864863827180317,1.0
192.168.57.4,647,7.843926986039426,1.0
192.168.57.4,742,7.886856580654182,1.0
192.168.57.4,837,5.514763220520494,1.0
192.168.57.4,934,6.96204025001082,1.0
192.168.57.4,1028,7.716379517779576,1.0
192.168.57.4,1124,7.132478031911359,1.0
192.168.57.4,1219,7.209683756283485,1.0
192.168.57.4,1315,7.477596001939578,1.0
192.168.57.4,1411,7.989025759915844,1.0
192.168.57.4,1506,8.043047695263654,1.0
192.168.57.4,1600,8.017913210730917,1.0
192.168.57.4,1695,8.029914745026636,1.0
192.168.57.4,1791,5.558430565733843,1.0
192.168.57.4,1885,7.012260297425378,1.0
192.168.57.4,1980,7.792419930476764,1.0
192.168.57.4,2075,7.192459995352956,1.0
192.168.57.4,2171,7.2853291802300655,1.0
192.168.57.4,2267,7.564619661312365,1.0
192.168.57.4,2362,8.067898448701177,1.0
192.168.57.4,2458,8.12393830990568,1.0
192.168.57.4,2554,8.093178058712862,1.0
192.168.57.4,2647,8.091097836949881,1.0
192.168.57.4,2742,5.591747464563291,1.0
192.168.57.4,2837,7.063651030602979,1.0
192.168.57.4,2934,7.846421180410898,1.0
192.168.57.4,3026,7.2382165015734055,1.0
192.168.57.4,3122,7.306600217500795,1.0
192.168.57.4,3217,7.56806226350289,1.0
192.168.57.4,3311,8.063323311215271,1.0
192.168.57.4,3406,8.118620505368401,1.0
192.168.57.4,3502,8.082355762047523,1.0
192.168.57.4,3598,8.083121927835467,1.0
192.168.57.4,3695,5.614571334205174,1.0
192.168.57.4,3791,7.081983107285367,1.0
192.168.57.4,3886,7.845689636702481,1.0
192.168.57.4,3980,7.20689885618841,1.0
192.168.57.4,4077,7.282616454025945,1.0
192.168.57.4,4170,7.576361514024522,1.0
192.168.57.4,4265,8.05425301460627,1.0
192.168.57.4,4361,8.105434260099882,1.0
192.168.57.4,4457,8.07083835389004,1.0
192.168.57.4,4553,8.078038569188815,1.0
192.168.57.4,4648,5.637796549896567,1.0
192.168.57.4,4740,7.051355270498974,1.0
192.168.57.4,4835,7.826720051816659,1.0
192.168.57.4,4931,7.19889478032017,1.0
192.168.57.4,5026,7.28997504782775,1.0
192.168.57.4,5116,7.5782680151045465,1.0
192.168.57.4,5208,8.04773620675745,1.0
192.168.57.4,5303,8.103252245707782,1.0
192.168.57.4,5399,8.06868780160048,1.0
192.168.57.4,5495,8.077391651992192,1.0
192.168.57.2,4452,8.59767942981595,1.0
192.168.57.2,4545,7.969756225383204,1.0
192.168.57.2,4641,7.957640476655567,1.0
192.168.57.2,4736,8.79987253907686,1.0
192.168.57.2,4830,8.290142106188709,1.0
192.168.57.2,4925,7.42876935868481,1.0
192.168.57.2,5020,7.390596274752954,1.0
192.168.57.2,5117,7.818183807332787,1.0
192.168.57.2,5212,8.096333899921822,1.0
192.168.57.2,5308,8.11392740862673,1.0
192.168.57.2,5403,8.604186580605296,1.0
192.168.57.2,5498,7.974312368444521,1.0
192.168.57.2,5593,7.961060292250773,1.0
192.168.57.2,5689,8.79622855603554,1.0
192.168.57.2,5784,8.290572874785168,1.0
192.168.57.2,5877,7.442194141396728,1.0
192.168.57.2,5971,7.403580602336513,1.0
192.168.57.2,6066,7.835913366885885,1.0
192.168.57.2,6162,8.121679453268273,1.0
192.168.57.2,6256,8.139516338896426,1.0
192.168.57.2,6351,8.580318939839202,1.0
192.168.57.2,6446,7.9804070758188494,1.0
192.168.57.2,6543,7.965312799539536,1.0
192.168.57.2,6636,8.79067475268384,1.0
192.168.57.2,6724,8.264754231425252,1.0
192.168.57.2,6817,7.422682931619881,1.0
192.168.57.2,6910,7.382387567671906,1.0
192.168.57.2,7000,7.8124628348888105,1.0
192.168.57.2,7091,8.094905743176113,1.0
192.168.57.2,7167,8.114610375913406,1.0
192.168.57.2,7261,8.57591563554261,1.0
192.168.57.2,7356,7.974678744398763,1.0
192.168.57.2,7451,7.959535217752919,1.0
192.168.57.2,7545,8.788828135011135,1.0
192.168.57.2,7640,8.23541647662516,1.0
192.168.57.2,7736,7.441673802649766,1.0
192.168.57.2,7830,7.409877980955535,1.0
192.168.57.2,7923,7.853894776546493,1.0
192.168.57.2,8018,8.13152942003265,1.0
192.168.57.2,8114,8.149731837283577,1.0
192.168.57.2,8209,8.59215329398782,1.0
192.168.57.2,8304,8.001720275583144,1.0
192.168.57.2,8399,8.054393594036634,1.0
192.168.57.2,8494,8.834605994608824,1.0
192.168.57.2,8590,8.251611765772102,1.0
192.168.57.2,8686,7.473160945239263,1.0
192.168.57.2,8780,7.437649239293684,1.0
192.168.57.2,8876,7.889045646435804,1.0
192.168.57.2,8972,8.166978617278572,1.0
192.168.57.2,9068,8.183998469753273,1.0
192.168.57.2,9161,8.607206845011113,1.0
192.168.57.2,9256,8.023898144928783,1.0
192.168.57.2,9351,8.076756144531299,1.0
192.168.57.2,9446,8.831206699589782,1.0
192.168.57.2,9542,8.245919220663202,1.0
192.168.57.2,9637,7.45971470001595,1.0
192.168.57.2,9732,7.426082139661601,1.0
192.168.57.2,9827,7.859254643710504,1.0
192.168.57.2,9923,8.130010555816508,1.0
192.168.57.2,10018,8.146653310954187,1.0
192.168.57.1,4684,12.370255717100699,1.0
192.168.57.1,4779,8.883402367639984,1.0
192.168.57.1,4874,7.7980613324165695,1.0
192.168.57.1,4969,7.40832222890803,1.0
192.168.57.1,5064,7.387847843179874,1.0
192.168.57.1,5159,7.94664909181099,1.0
192.168.57.1,5255,8.1069897619046,1.0
192.168.57.1,5347,8.113879298368685,1.0
192.168.57.1,5443,7.669919872029859,1.0
192.168.57.1,5539,7.946327005694438,1.0
192.168.57.1,5634,12.369436064363324,1.0
192.168.57.1,5729,8.887794220644068,1.0
192.168.57.1,5824,7.827919706848541,1.0
192.168.57.1,5919,7.4215946375376,1.0
192.168.57.1,6014,7.400991797941774,1.0
192.168.57.1,6110,7.975167083544633,1.0
192.168.57.1,6205,8.132295634513387,1.0
192.168.57.1,6299,8.13960893794109,1.0
192.168.57.1,6394,7.682819600436728,1.0
192.168.57.1,6491,7.954788951422028,1.0
192.168.57.1,6587,12.197739907531172,1.0
192.168.57.1,6681,8.8744320769694,1.0
192.168.57.1,6772,7.811553809148,1.0
192.168.57.1,6866,7.402183338733699,1.0
192.168.57.1,6958,7.379754423312067,1.0
192.168.57.1,7051,7.940141576627415,1.0
192.168.57.1,7142,8.106460613910745,1.0
192.168.57.1,7219,8.114916625591244,1.0
192.168.57.1,7314,7.672136697596193,1.0
192.168.57.1,7410,7.947951759664415,1.0
192.168.57.1,7505,12.195947319954831,1.0
192.168.57.1,7601,8.856453846825413,1.0
192.168.57.1,7694,7.771971630022705,1.0
192.168.57.1,7788,7.4251128778139055,1.0
192.168.57.1,7884,7.407454248693401,1.0
192.168.57.1,7980,7.991125786215434,1.0
192.168.57.1,8076,8.142976094007679,1.0
192.168.57.1,8171,8.149827791355888,1.0
192.168.57.1,8268,7.7150834487691755,1.0
192.168.57.1,8362,7.975707173494488,1.0
192.168.57.1,8458,12.124349828111349,1.0
192.168.57.1,8553,8.897326301205812,1.0
192.168.57.1,8647,7.835888140871125,1.0
192.168.57.1,8743,7.4566883439867295,1.0
192.168.57.1,8836,7.435009055157606,1.0
192.168.57.1,8931,8.023811651344246,1.0
192.168.57.1,9027,8.177614688051904,1.0
192.168.57.1,9121,8.1839530236839,1.0
192.168.57.1,9216,7.739378274451872,1.0
192.168.57.1,9311,7.999100055471083,1.0
192.168.57.1,9406,12.049138015519308,1.0
192.168.57.1,9501,8.890093227700772,1.0
192.168.57.1,9597,7.782337305158634,1.0
192.168.57.1,9693,7.440694043705565,1.0
192.168.57.1,9786,7.423498290572814,1.0
192.168.57.1,9882,7.999400596263742,1.0
192.168.57.1,9977,8.140490447494601,1.0
192.168.57.1,10072,8.115853618759102,1.0
192.168.57.1,10167,7.707275490939332,1.0
192.168.57.1,10262,7.9549721472620405,1.0
192.168.57.3,4853,6.107850922812558,1.0
192.168.57.3,4948,7.340798177007202,1.0
192.168.57.3,5043,7.377820729852287,1.0
192.168.57.3,5138,8.448186812301513,1.0
192.168.57.3,5234,8.144944950539415,1.0
192.168.57.3,5327,8.113740450020998,1.0
192.168.57.3,5422,8.123786880619523,1.0
192.168.57.3,5517,8.015967776492266,1.0
192.168.57.3,5611,7.846016636536561,1.0
192.168.57.3,5708,8.305816745733138,1.0
192.168.57.3,5802,6.072268700374572,1.0
192.168.57.3,5896,7.350226269336436,1.0
192.168.57.3,5991,7.391865294775763,1.0
192.168.57.3,6087,8.468333032542935,1.0
192.168.57.3,6182,8.171409218361035,1.0
192.168.57.3,6278,8.13981796712913,1.0
192.168.57.3,6372,8.137295286976029,1.0
192.168.57.3,6468,8.023389024224153,1.0
192.168.57.3,6564,7.858519367380544,1.0
192.168.57.3,6657,8.297923726234169,1.0
192.168.57.3,6749,6.075237682759295,1.0
192.168.57.3,6842,7.326695199416701,1.0
192.168.57.3,6937,7.369090635591314,1.0
192.168.57.3,7031,8.457275143697899,1.0
192.168.57.3,7126,8.151096701833348,1.0
192.168.57.3,7216,8.116048755604439,1.0
192.168.57.3,7311,8.126823613872936,1.0
192.168.57.3,7406,8.017469548157248,1.0
192.168.57.3,7501,7.848489092989936,1.0
192.168.57.3,7596,8.30001030163253,1.0
192.168.57.3,7689,6.111126349270163,1.0
192.168.57.3,7784,7.358609611754333,1.0
192.168.57.3,7880,7.398668444161128,1.0
192.168.57.3,7975,8.476196188353171,1.0
192.168.57.3,8071,8.181579911118698,1.0
192.168.57.3,8167,8.150173559510282,1.0
192.168.57.3,8263,8.158343830348473,1.0
192.168.57.3,8359,8.044651211521037,1.0
192.168.57.3,8454,7.879216661715443,1.0
192.168.57.3,8550,8.342801441424463,1.0
192.168.57.3,8647,6.20703461901411,1.0
192.168.57.3,8743,7.390571187123275,1.0
192.168.57.3,8838,7.425075561061697,1.0
192.168.57.3,8933,8.511761118498343,1.0
192.168.57.3,9029,8.215202138195783,1.0
192.168.57.3,9124,8.183941115375225,1.0
192.168.57.3,9219,8.180863081039192,1.0
192.168.57.3,9313,8.067796809549602,1.0
192.168.57.3,9408,7.9000542570953,1.0
192.168.57.3,9503,8.348416149513133,1.0
192.168.57.3,9598,6.1678171199462986,1.0
192.168.57.3,9692,7.376388454979084,1.0
192.168.57.3,9788,7.414436000161601,1.0
192.168.57.3,9883,8.465338945811677,1.0
192.168.57.3,9979,8.175779530332957,1.0
192.168.57.3,10071,8.14687863458671,1.0
192.168.57.3,10167,8.138662513294381,1.0
192.168.57.3,10262,8.021082856624043,1.0
192.168.57.3,10357,7.858863358609565,1.0
192.168.57.3,10452,8.303412148752464,1.0
192.168.57.5,5081,10.95966770288161,1.0
192.168.57.5,5176,8.11186139335395,1.0
192.168.57.5,5273,8.101649442031082,1.0
192.168.57.5,5368,7.5753730882210135,1.0
192.168.57.5,5462,7.981660539172979,1.0
192.168.57.5,5558,7.711419498196676,1.0
192.168.57.5,5653,7.817942477194431,1.0
192.168.57.5,5749,8.215068649506154,1.0
192.168.57.5,5843,7.678015377499156,1.0
192.168.57.5,5937,7.389879369507332,1.0
192.168.57.5,6032,10.971202495749449,1.0
192.168.57.5,6128,8.137546718290531,1.0
192.168.57.5,6223,8.129008820521667,1.0
192.168.57.5,6318,7.59320672787777,1.0
192.168.57.5,6414,7.991875597505137,1.0
192.168.57.5,6506,7.718515929723957,1.0
192.168.57.5,6602,7.8272345362458635,1.0
192.168.57.5,6690,8.202062426866275,1.0
192.168.57.5,6783,7.661982315840116,1.0
192.168.57.5,6876,7.36603400754697,1.0
192.168.57.5,6968,11.064273392818228,1.0
192.168.57.5,7062,8.123444958196592,1.0
192.168.57.5,7153,8.104927022373364,1.0
192.168.57.5,7230,7.570777844576133,1.0
192.168.57.5,7325,7.982974567613423,1.0
192.168.57.5,7420,7.70961243195664,1.0
192.168.57.5,7515,7.816411382757339,1.0
192.168.57.5,7610,8.205649660291769,1.0
192.168.57.5,7704,7.692896099511862,1.0
192.168.57.5,7797,7.397733015655445,1.0
192.168.57.5,7891,10.872958979864173,1.0
192.168.57.5,7984,8.154827815709071,1.0
192.168.57.5,8079,8.1396982040918,1.0
192.168.57.5,8174,7.6038087832703605,1.0
192.168.57.5,8270,8.013066390507342,1.0
192.168.57.5,8364,7.737809280777843,1.0
192.168.57.5,8460,7.865957877547371,1.0
192.168.57.5,8551,8.251782348315583,1.0
192.168.57.5,8647,7.693451102928386,1.0
192.168.57.5,8743,7.419472715999133,1.0
192.168.57.5,8837,10.887464391451006,1.0
192.168.57.5,8931,8.183889690898537,1.0
192.168.57.5,9026,8.172610110666604,1.0
192.168.57.5,9122,7.615989505477555,1.0
192.168.57.5,9216,8.035028049913889,1.0
192.168.57.5,9311,7.722712647493698,1.0
192.168.57.5,9406,7.876388946647863,1.0
192.168.57.5,9501,8.25617029445869,1.0
192.168.57.5,9594,7.704424425498829,1.0
192.168.57.5,9689,7.4113385885112955,1.0
192.168.57.5,9785,10.777198653715457,1.0
192.168.57.5,9880,8.143207513676728,1.0
192.168.57.5,9977,8.136407770578677,1.0
192.168.57.5,10071,7.586997265607072,1.0
192.168.57.5,10166,7.9908703362286895,1.0
192.168.57.5,10261,7.699229189744998,1.0
192.168.57.5,10355,7.826567204131858,1.0
192.168.57.5,10451,8.213619643379834,1.0
192.168.57.5,10547,7.6444266492229795,1.0
192.168.57.5,10642,7.376494522420249,1.0
192.168.57.6,5362,6.103410276624696,1.0
192.168.57.6,5457,7.891016565603221,1.0
192.168.57.6,5553,7.983512230895075,1.0
192.168.57.6,5648,8.217636138751113,1.0
192.168.57.6,5743,8.470630948346262,1.0
192.168.57.6,5838,7.56451885284501,1.0
192.168.57.6,5933,7.410274143323248,1.0
192.168.57.6,6028,7.465713510574003,1.0
192.168.57.6,6123,8.06038885361439,1.0
192.168.57.6,6219,8.13748516517605,1.0
192.168.57.6,6314,6.181939208908853,1.0
192.168.57.6,6410,7.906628386098429,1.0
192.168.57.6,6503,7.989714040419339,1.0
192.168.57.6,6597,8.227944087285492,1.0
192.168.57.6,6689,8.468159333440084,1.0
192.168.57.6,6784,7.534750642360994,1.0
192.168.57.6,6877,7.389787386743388,1.0
192.168.57.6,6967,7.43521683930997,1.0
192.168.57.6,7061,8.033781937236485,1.0
192.168.57.6,7152,8.112609448220907,1.0
192.168.57.6,7234,6.2026656670109,1.0
192.168.57.6,7329,7.902057231145457,1.0
192.168.57.6,7424,7.984613308410467,1.0
192.168.57.6,7519,8.229878495918154,1.0
192.168.57.6,7613,8.466322951861404,1.0
192.168.57.6,7705,7.569472402012412,1.0
192.168.57.6,7797,7.4176880171020585,1.0
192.168.57.6,7893,7.4849005446519215,1.0
192.168.57.6,7989,8.073672606296293,1.0
192.168.57.6,8084,8.14755617904631,1.0
192.168.57.6,8180,6.214910572586461,1.0
192.168.57.6,8276,7.929133882796107,1.0
192.168.57.6,8371,8.01179709490576,1.0
192.168.57.6,8466,8.271875741986367,1.0
192.168.57.6,8563,8.51255315532008,1.0
192.168.57.6,8658,7.576342435612532,1.0
192.168.57.6,8754,7.443507084785951,1.0
192.168.57.6,8849,7.514453407214435,1.0
192.168.57.6,8944,8.10675118384174,1.0
192.168.57.6,9040,8.182239195081397,1.0
192.168.57.6,9136,6.231930854140281,1.0
192.168.57.6,9231,7.9493855847575485,1.0
192.168.57.6,9326,8.03415468042725,1.0
192.168.57.6,9421,8.28358096697851,1.0
192.168.57.6,9516,8.514251043155626,1.0
192.168.57.6,9608,7.583133527883108,1.0
192.168.57.6,9703,7.43343992786043,1.0
192.168.57.6,9797,7.490030044996436,1.0
192.168.57.6,9894,8.073332669742179,1.0
192.168.57.6,9990,8.144821420795445,1.0
192.168.57.6,10086,6.21244298329913,1.0
192.168.57.6,10181,7.903888034121618,1.0
192.168.57.6,10275,7.987533321811786,1.0
192.168.57.6,10370,8.235888687613206,1.0
192.168.57.6,10467,8.467836251496474,1.0
192.168.57.6,10562,7.528702977545142,1.0
192.168.57.6,10658,7.397186306870748,1.0
192.168.57.6,10754,7.4746167156723065,1.0
192.168.57.6,10849,8.056756976345248,1.0
192.168.57.6,10944,8.129497938566182,1.0
192.168.57.4,5589,5.638624213771659,1.0
192.168.57.4,5685,7.0931961612217425,1.0
192.168.57.4,5781,7.854937307123323,1.0
192.168.57.4,5875,7.232441416390282,1.0
192.168.57.4,5970,7.310649736520735,1.0
192.168.57.4,6066,7.60925652370346,1.0
192.168.57.4,6162,8.083800801747836,1.0
192.168.57.4,6257,8.132731769567425,1.0
192.168.57.4,6352,8.095342082178883,1.0
192.168.57.4,6449,8.094827154884635,1.0
192.168.57.4,6545,5.662907294477303,1.0
192.168.57.4,6641,7.106762047280483,1.0
192.168.57.4,6732,7.83268109288956,1.0
192.168.57.4,6826,7.188617850814278,1.0
192.168.57.4,6921,7.278788214162934,1.0
192.168.57.4,7016,7.584573996300224,1.0
192.168.57.4,7110,8.06051393845905,1.0
192.168.57.4,7206,8.11107430056904,1.0
192.168.57.4,7295,8.067504408774429,1.0
192.168.57.4,7390,8.079136545984898,1.0
192.168.57.4,7486,5.6846694429969835,1.0
192.168.57.4,7582,7.114934274866923,1.0
192.168.57.4,7675,7.846705722575136,1.0
192.168.57.4,7767,7.240493377931016,1.0
192.168.57.4,7862,7.319506707851028,1.0
192.168.57.4,7957,7.6485586634357485,1.0
192.168.57.4,8052,8.098066186285314,1.0
192.168.57.4,8148,8.144146252922207,1.0
192.168.57.4,8241,8.102850984102387,1.0
192.168.57.4,8336,8.111568455899661,1.0
192.168.57.4,8431,5.736293376206941,1.0
192.168.57.4,8527,7.158019404384858,1.0
192.168.57.4,8623,7.906063278152382,1.0
192.168.57.4,8719,7.251147317676445,1.0
192.168.57.4,8816,7.34354654183059,1.0
192.168.57.4,8911,7.668957471319712,1.0
192.168.57.4,9005,8.124250174689385,1.0
192.168.57.4,9101,8.174954143904332,1.0
192.168.57.4,9195,8.136355796301906,1.0
192.168.57.4,9288,8.13918630541536,1.0
192.168.57.4,9384,5.764458711138118,1.0
192.168.57.4,9479,7.168514510142223,1.0
192.168.57.4,9574,7.908032168293326,1.0
192.168.57.4,9669,7.247563687351884,1.0
192.168.57.4,9765,7.3342879868773165,1.0
192.168.57.4,9861,7.656385524408961,1.0
192.168.57.4,9955,8.093565015847204,1.0
192.168.57.4,10050,8.139353154831127,1.0
192.168.57.4,10146,8.09701699438817,1.0
192.168.57.4,10241,8.09716672122206,1.0
192.168.57.4,10337,5.730819007246359,1.0
192.168.57.4,10433,7.138258544235763,1.0
192.168.57.4,10528,7.868262275771934,1.0
192.168.57.4,10624,7.224471525489997,1.0
192.168.57.4,10720,7.305830616608553,1.0
192.168.57.4,10816,7.649931980627241,1.0
192.168.57.4,10912,8.086475642962391,1.0
192.168.57.4,11006,8.127160433959585,1.0
192.168.57.4,11101,8.080022875497546,1.0
192.168.57.4,11197,8.077395499214049,1.0
192.168.57.2,10113,8.503453278628658,1.0
192.168.57.2,10208,7.977230766938676,1.0
192.168.57.2,10303,8.032319174632192,1.0
192.168.57.2,10397,8.77832263967115,1.0
192.168.57.2,10491,8.20532053503018,1.0
192.168.57.2,10588,7.422578135370497,1.0
192.168.57.2,10683,7.3909498098494835,1.0
192.168.57.2,10779,7.849904460481211,1.0
192.168.57.2,10875,8.11587436984142,1.0
192.168.57.2,10970,8.131773366518543,1.0
192.168.57.2,11066,8.495737128481904,1.0
192.168.57.2,11161,7.9653116301566556,1.0
192.168.57.2,11256,8.08532878216708,1.0
192.168.57.2,11352,8.786392082047485,1.0
192.168.57.2,11448,8.189340684109649,1.0
192.168.57.2,11542,7.440681985162904,1.0
192.168.57.2,11636,7.406699339614322,1.0
192.168.57.2,11733,7.85698296415112,1.0
192.168.57.2,11822,8.105843750475405,1.0
192.168.57.2,11916,8.125515887747673,1.0
192.168.57.2,12010,8.497557073545746,1.0
192.168.57.2,12105,7.967806973068606,1.0
192.168.57.2,12200,8.207285531438663,1.0
192.168.57.2,12294,8.776643838739586,1.0
192.168.57.2,12387,8.16745776694631,1.0
192.168.57.2,12482,7.441190440685811,1.0
192.168.57.2,12578,7.406726070121383,1.0
192.168.57.2,12674,7.869672288259158,1.0
192.168.57.2,12768,8.114934182215208,1.0
192.168.57.2,12862,8.130266835985596,1.0
192.168.57.2,12958,8.45907812861922,1.0
192.168.57.2,13053,7.977191256097916,1.0
192.168.57.2,13148,8.214868931639073,1.0
192.168.57.2,13243,8.787764040765719,1.0
192.168.57.2,13337,8.148265560577839,1.0
192.168.57.2,13430,7.444153889197041,1.0
192.168.57.2,13526,7.410221990761767,1.0
192.168.57.2,13621,7.873577787075528,1.0
192.168.57.2,13717,8.120895435045568,1.0
192.168.57.2,13812,8.13541042033914,1.0
192.168.57.2,13906,8.443436034759042,1.0
192.168.57.2,14002,7.981283472514442,1.0
192.168.57.2,14098,8.273818864696686,1.0
192.168.57.2,14194,8.784487511440085,1.0
192.168.57.2,14289,8.149147889615241,1.0
192.168.57.2,14384,7.442463431097141,1.0
192.168.57.2,14479,7.410374928459362,1.0
192.168.57.2,14573,7.869261925696677,1.0
192.168.57.2,14670,8.12153313711626,1.0
192.168.57.2,14765,8.135290827113712,1.0
192.168.57.2,14858,8.481358254634332,1.0
192.168.57.2,14953,7.97790623656393,1.0
192.168.57.2,15049,8.215312991632373,1.0
192.168.57.2,15144,8.77603216302205,1.0
192.168.57.2,15239,8.113679476987944,1.0
192.168.57.2,15332,7.442258338790229,1.0
192.168.57.2,15428,7.410664070012654,1.0
192.168.57.2,15522,7.872171313439995,1.0
192.168.57.2,15618,8.12328060891465,1.0
192.168.57.2,15713,8.137944603472668,1.0
192.168.57.1,10358,11.949858003764023,1.0
192.168.57.1,10454,8.829461664216476,1.0
192.168.57.1,10549,7.744548815566841,1.0
192.168.57.1,10645,7.406188046063756,1.0
192.168.57.1,10741,7.388478821080455,1.0
192.168.57.1,10837,7.982330570674276,1.0
192.168.57.1,10934,8.1258603426396,1.0
192.168.57.1,11031,8.071719107176339,1.0
192.168.57.1,11127,7.6896460282851615,1.0
192.168.57.1,11223,7.94263988919103,1.0
192.168.57.1,11318,11.947534742271085,1.0
192.168.57.1,11413,8.843846080529579,1.0
192.168.57.1,11508,7.758520585150401,1.0
192.168.57.1,11604,7.4217817832717845,1.0
192.168.57.1,11699,7.403891373694933,1.0
192.168.57.1,11794,7.977422750305962,1.0
192.168.57.1,11883,8.117317652520477,1.0
192.168.57.1,11979,8.065626767997117,1.0
192.168.57.1,12072,7.691778919342106,1.0
192.168.57.1,12166,7.944325375604213,1.0
192.168.57.1,12262,11.868256397354012,1.0
192.168.57.1,12354,8.858595608100277,1.0
192.168.57.1,12446,7.778504671850491,1.0
192.168.57.1,12540,7.425576767552441,1.0
192.168.57.1,12636,7.404178052414768,1.0
192.168.57.1,12732,7.989352265687603,1.0
192.168.57.1,12826,8.124303576260699,1.0
192.168.57.1,12921,8.0418969879489,1.0
192.168.57.1,13016,7.708904169691364,1.0
192.168.57.1,13111,7.95567212544015,1.0
192.168.57.1,13206,11.951447904143267,1.0
192.168.57.1,13301,8.849780770914997,1.0
192.168.57.1,13396,7.753308677967443,1.0
192.168.57.1,13491,7.4265072968287,1.0
192.168.57.1,13586,7.407680217535198,1.0
192.168.57.1,13678,7.995430773681431,1.0
192.168.57.1,13773,8.129537480452273,1.0
192.168.57.1,13867,8.075244361866233,1.0
192.168.57.1,13963,7.728501440203675,1.0
192.168.57.1,14057,7.961155707460621,1.0
192.168.57.1,14153,11.722659066545496,1.0
192.168.57.1,14248,8.82858662298722,1.0
192.168.57.1,14342,7.743128386371361,1.0
192.168.57.1,14436,7.426657197610921,1.0
192.168.57.1,14530,7.407868918760709,1.0
192.168.57.1,14625,7.999715518374633,1.0
192.168.57.1,14721,8.13021392953731,1.0
192.168.57.1,14815,8.01957191898788,1.0
192.168.57.1,14909,7.712048215870541,1.0
192.168.57.1,15005,7.957343425455498,1.0
192.168.57.1,15100,11.793806212132282,1.0
192.168.57.1,15196,8.817735728802516,1.0
192.168.57.1,15291,7.712293322718542,1.0
192.168.57.1,15387,7.423906905801725,1.0
192.168.57.1,15483,7.408014175433904,1.0
192.168.57.1,15578,7.997763827182907,1.0
192.168.57.1,15673,8.132238938923148,1.0
192.168.57.1,15769,7.996003741783258,1.0
192.168.57.1,15864,7.726176417568628,1.0
192.168.57.1,15958,7.959318598022671,1.0
192.168.57.3,10548,6.188292376589925,1.0
192.168.57.3,10644,7.346916753861221,1.0
192.168.57.3,10740,7.380039472892396,1.0
192.168.57.3,10835,8.455334616395932,1.0
192.168.57.3,10932,8.160979881695692,1.0
192.168.57.3,11025,8.132320076605366,1.0
192.168.57.3,11119,8.11631619058688,1.0
192.168.57.3,11215,8.007057273302964,1.0
192.168.57.3,11311,7.855304734126211,1.0
192.168.57.3,11405,8.311931957613458,1.0
192.168.57.3,11501,6.194437384276379,1.0
192.168.57.3,11596,7.360440465433594,1.0
192.168.57.3,11691,7.394882828645197,1.0
192.168.57.3,11786,8.432838075895726,1.0
192.168.57.3,11874,8.16213061477164,1.0
192.168.57.3,11969,8.126198614424297,1.0
192.168.57.3,12063,8.127056960591034,1.0
192.168.57.3,12156,8.012037876392489,1.0
192.168.57.3,12251,7.855024680005237,1.0
192.168.57.3,12346,8.307004744831929,1.0
192.168.57.3,12440,6.19332492073111,1.0
192.168.57.3,12534,7.358461287207797,1.0
192.168.57.3,12631,7.394598851924416,1.0
192.168.57.3,12726,8.44753997892582,1.0
192.168.57.3,12821,8.160509261505473,1.0
192.168.57.3,12915,8.13044449507278,1.0
192.168.57.3,13011,8.13474533203819,1.0
192.168.57.3,13105,8.02018416161711,1.0
192.168.57.3,13200,7.8610655936697516,1.0
192.168.57.3,13295,8.319028969595577,1.0
192.168.57.3,13387,6.196508516031869,1.0
192.168.57.3,13482,7.364299489509055,1.0
192.168.57.3,13577,7.3983092243116015,1.0
192.168.57.3,13673,8.445408896333253,1.0
192.168.57.3,13769,8.16315086835384,1.0
192.168.57.3,13865,8.135778616055267,1.0
192.168.57.3,13959,8.146139258999273,1.0
192.168.57.3,14056,8.02356589518869,1.0
192.168.57.3,14151,7.876422921118419,1.0
192.168.57.3,14246,8.326019607251512,1.0
192.168.57.3,14341,6.231037903880865,1.0
192.168.57.3,14436,7.366056295676908,1.0
192.168.57.3,14529,7.39867655423302,1.0
192.168.57.3,14624,8.445694575842008,1.0
192.168.57.3,14721,8.16191672900805,1.0
192.168.57.3,14815,8.135321166760212,1.0
192.168.57.3,14909,8.133792965204865,1.0
192.168.57.3,15004,8.020095485548117,1.0
192.168.57.3,15100,7.866937288870916,1.0
192.168.57.3,15195,8.316224318141767,1.0
192.168.57.3,15289,6.266705978831157,1.0
192.168.57.3,15384,7.367645610188758,1.0
192.168.57.3,15480,7.398964831144793,1.0
192.168.57.3,15574,8.446702668098247,1.0
192.168.57.3,15669,8.166286876387845,1.0
192.168.57.3,15764,8.138195975554767,1.0
192.168.57.3,15860,8.132661008018442,1.0
192.168.57.3,15955,8.020376211916762,1.0
192.168.57.3,16051,7.874803065763543,1.0
192.168.57.3,16146,8.323678083094192,1.0
192.168.57.5,10739,10.664246122183023,1.0
192.168.57.5,10833,8.129615559072016,1.0
192.168.57.5,10928,8.122313268647554,1.0
192.168.57.5,11023,7.566738685271519,1.0
192.168.57.5,11120,7.978986107236925,1.0
192.168.57.5,11215,7.6885288428098875,1.0
192.168.57.5,11310,7.841054881329312,1.0
192.168.57.5,11404,8.220945923129099,1.0
192.168.57.5,11499,7.665016803648368,1.0
192.168.57.5,11595,7.390046922723372,1.0
192.168.57.5,11689,10.669987689781532,1.0
192.168.57.5,11783,8.12517673381301,1.0
192.168.57.5,11871,8.114237440837597,1.0
192.168.57.5,11964,7.574391660294198,1.0
192.168.57.5,12059,7.980526712239482,1.0
192.168.57.5,12154,7.675402550858294,1.0
192.168.57.5,12247,7.831328118839216,1.0
192.168.57.5,12341,8.214186404930611,1.0
192.168.57.5,12436,7.65461147865018,1.0
192.168.57.5,12531,7.389004793996075,1.0
192.168.57.5,12627,10.670985928345136,1.0
192.168.57.5,12721,8.12741062440595,1.0
192.168.57.5,12815,8.119912300038141,1.0
192.168.57.5,12907,7.581235463048041,1.0
192.168.57.5,13002,7.989977721616549,1.0
192.168.57.5,13097,7.664583111223581,1.0
192.168.57.5,13190,7.84947881188396,1.0
192.168.57.5,13284,8.225613245706674,1.0
192.168.57.5,13379,7.660117944170248,1.0
192.168.57.5,13474,7.393139540450934,1.0
192.168.57.5,13569,10.488487669962309,1.0
192.168.57.5,13664,8.128963856909701,1.0
192.168.57.5,13759,8.126717682058942,1.0
192.168.57.5,13852,7.573059403719219,1.0
192.168.57.5,13948,7.995230638429868,1.0
192.168.57.5,14044,7.650779198962408,1.0
192.168.57.5,14140,7.866933620772983,1.0
192.168.57.5,14234,8.231137816433645,1.0
192.168.57.5,14328,7.662784222346267,1.0
192.168.57.5,14422,7.394397322845856,1.0
192.168.57.5,14518,10.578960154373084,1.0
192.168.57.5,14614,8.127145616903636,1.0
192.168.57.5,14708,8.125436106792435,1.0
192.168.57.5,14803,7.565709039089663,1.0
192.168.57.5,14897,7.991182469039359,1.0
192.168.57.5,14993,7.649347584363731,1.0
192.168.57.5,15088,7.854515028139278,1.0
192.168.57.5,15183,8.223842957046184,1.0
192.168.57.5,15278,7.658902694287681,1.0
192.168.57.5,15374,7.393623792243898,1.0
192.168.57.5,15469,10.487520762864724,1.0
192.168.57.5,15563,8.132056493433407,1.0
192.168.57.5,15658,8.128498317061068,1.0
192.168.57.5,15753,7.569910757542214,1.0
192.168.57.5,15848,7.9933658571181585,1.0
192.168.57.5,15944,7.635767941936608,1.0
192.168.57.5,16039,7.869770647083474,1.0
192.168.57.5,16134,8.231281404603154,1.0
192.168.57.5,16228,7.652592118928139,1.0
192.168.57.5,16321,7.392887400016487,1.0
192.168.57.6,11039,6.2048472571884155,1.0
192.168.57.6,11136,7.897582573284184,1.0
192.168.57.6,11231,7.975740612873004,1.0
192.168.57.6,11326,8.243396034538943,1.0
192.168.57.6,11421,8.475064267434846,1.0
192.168.57.6,11516,7.548011946733244,1.0
192.168.57.6,11612,7.413416065199762,1.0
192.168.57.6,11706,7.479358917804976,1.0
192.168.57.6,11802,8.052765805434987,1.0
192.168.57.6,11891,8.122832921238372,1.0
192.168.57.6,11985,6.209294418448431,1.0
192.168.57.6,12080,7.896040278673039,1.0
192.168.57.6,12175,7.97867843142523,1.0
192.168.57.6,12270,8.241760695715369,1.0
192.168.57.6,12365,8.47205360353984,1.0
192.168.57.6,12459,7.54351641884052,1.0
192.168.57.6,12554,7.413204364178,1.0
192.168.57.6,12650,7.4846754237197635,1.0
192.168.57.6,12743,8.05482689147346,1.0
192.168.57.6,12839,8.12829146309865,1.0
192.168.57.6,12933,6.243201857569486,1.0
192.168.57.6,13029,7.909743664810201,1.0
192.168.57.6,13124,7.988077816847823,1.0
192.168.57.6,13219,8.247880031301625,1.0
192.168.57.6,13313,8.48155109382335,1.0
192.168.57.6,13408,7.547895493950293,1.0
192.168.57.6,13503,7.417337798909328,1.0
192.168.57.6,13599,7.503457938708127,1.0
192.168.57.6,13694,8.067241849005296,1.0
192.168.57.6,13789,8.133586968758241,1.0
192.168.57.6,13884,6.241008231837066,1.0
192.168.57.6,13979,7.911592610724481,1.0
192.168.57.6,14075,7.992044339670646,1.0
192.168.57.6,14171,8.266693151677671,1.0
192.168.57.6,14267,8.486061029200506,1.0
192.168.57.6,14361,7.548526953539957,1.0
192.168.57.6,14456,7.4172394821990935,1.0
192.168.57.6,14551,7.495474097830838,1.0
192.168.57.6,14646,8.065468334163796,1.0
192.168.57.6,14742,8.133475435698832,1.0
192.168.57.6,14836,6.2770828571162625,1.0
192.168.57.6,14931,7.910164673852712,1.0
192.168.57.6,15026,7.988468320887693,1.0
192.168.57.6,15121,8.24759212518158,1.0
192.168.57.6,15216,8.475085897064517,1.0
192.168.57.6,15308,7.561157126270885,1.0
192.168.57.6,15404,7.419185053877883,1.0
192.168.57.6,15499,7.496867865320978,1.0
192.168.57.6,15594,8.067622355643637,1.0
192.168.57.6,15689,8.136004967894872,1.0
192.168.57.6,15784,6.307132853882119,1.0
192.168.57.6,15879,7.9148308062152655,1.0
192.168.57.6,15975,7.990339817512922,1.0
192.168.57.6,16071,8.262636878325043,1.0
192.168.57.6,16166,8.480187919873329,1.0
192.168.57.6,16260,7.545803893179381,1.0
192.168.57.6,16354,7.415480443525451,1.0
192.168.57.6,16448,7.495686943000332,1.0
192.168.57.6,16543,8.069707711791795,1.0
192.168.57.6,16637,8.139299330137545,1.0
192.168.57.4,11292,5.750012097969735,1.0
192.168.57.4,11388,7.145171047261104,1.0
192.168.57.4,11484,7.880654850803299,1.0
192.168.57.4,11579,7.226913534682743,1.0
192.168.57.4,11675,7.3158350519788815,1.0
192.168.57.4,11770,7.645167674687969,1.0
192.168.57.4,11865,8.0751656232881,1.0
192.168.57.4,11955,8.118790281867792,1.0
192.168.57.4,12050,8.078733222727212,1.0
192.168.57.4,12144,8.083634850632857,1.0
192.168.57.4,12239,5.772490594526416,1.0
192.168.57.4,12333,7.136800819857717,1.0
192.168.57.4,12427,7.86548711042995,1.0
192.168.57.4,12522,7.224057657463167,1.0
192.168.57.4,12616,7.313215405487321,1.0
192.168.57.4,12712,7.6589824084845155,1.0
192.168.57.4,12806,8.0798227404595,1.0
192.168.57.4,12900,8.12324677755154,1.0
192.168.57.4,12993,8.082320931531253,1.0
192.168.57.4,13088,8.08925107458452,1.0
192.168.57.4,13184,5.795855525276386,1.0
192.168.57.4,13279,7.1595677099804655,1.0
192.168.57.4,13373,7.880728243347851,1.0
192.168.57.4,13468,7.227185278619997,1.0
192.168.57.4,13564,7.318565525929266,1.0
192.168.57.4,13659,7.676907684921295,1.0
192.168.57.4,13755,8.093349468379055,1.0
192.168.57.4,13851,8.131260638295045,1.0
192.168.57.4,13945,8.090165800286341,1.0
192.168.57.4,14041,8.096716867073656,1.0
192.168.57.4,14137,5.796691108065048,1.0
192.168.57.4,14232,7.17061896000906,1.0
192.168.57.4,14327,7.894328628021312,1.0
192.168.57.4,14421,7.231079705978497,1.0
192.168.57.4,14516,7.319403915518988,1.0
192.168.57.4,14611,7.668335893882958,1.0
192.168.57.4,14707,8.088681293486244,1.0
192.168.57.4,14802,8.128949334304142,1.0
192.168.57.4,14896,8.085608487541425,1.0
192.168.57.4,14991,8.090225661794815,1.0
192.168.57.4,15087,5.8177814493349755,1.0
192.168.57.4,15182,7.17104740590237,1.0
192.168.57.4,15277,7.887622919612345,1.0
192.168.57.4,15372,7.227447825989123,1.0
192.168.57.4,15468,7.319495667130457,1.0
192.168.57.4,15563,7.669130058304117,1.0
192.168.57.4,15658,8.0905370992762,1.0
192.168.57.4,15754,8.132298086968884,1.0
192.168.57.4,15850,8.087662714383347,1.0
192.168.57.4,15945,8.091193053185815,1.0
192.168.57.4,16040,5.818358792211748,1.0
192.168.57.4,16136,7.184267971617785,1.0
192.168.57.4,16231,7.89758771277243,1.0
192.168.57.4,16326,7.232742035787782,1.0
192.168.57.4,16419,7.318209890755749,1.0
192.168.57.4,16514,7.6761491336383845,1.0
192.168.57.4,16608,8.093208284074723,1.0
192.168.57.4,16702,8.135134116885279,1.0
192.168.57.4,16797,8.092350912586706,1.0
192.168.57.4,16890,8.095608542554508,1.0
192.168.57.2,15809,8.422863090386421,1.0
192.168.57.2,15904,7.979375651874153,1.0
192.168.57.2,16000,8.32369873186366,1.0
192.168.57.2,16095,8.772554006887217,1.0
192.168.57.2,16190,8.120255298617431,1.0
192.168.57.2,16284,7.440271176205816,1.0
192.168.57.2,16378,7.408691590831609,1.0
192.168.57.2,16472,7.876860698135982,1.0
192.168.57.2,16567,8.126330620864422,1.0
192.168.57.2,16661,8.141268990003844,1.0
192.168.57.2,16755,8.438328794976465,1.0
192.168.57.2,16849,7.977944087793945,1.0
192.168.57.2,16943,8.323705942674534,1.0
192.168.57.2,17037,8.77675702983114,1.0
192.168.57.2,17132,8.099461612117842,1.0
192.168.57.2,17227,7.438411724269112,1.0
192.168.57.2,17322,7.406669017426554,1.0
192.168.57.2,17416,7.873148238668894,1.0
192.168.57.2,17511,8.118494290414446,1.0
192.168.57.2,17606,8.1330889586002,1.0
192.168.57.2,17700,8.426529587079205,1.0
192.168.57.2,17795,7.963459079028787,1.0
192.168.57.2,17888,8.258371984362762,1.0
192.168.57.2,17983,8.763259825216053,1.0
192.168.57.2,18076,8.090484750622371,1.0
192.168.57.2,18171,7.4306245193012295,1.0
192.168.57.2,18266,7.39953418035083,1.0
192.168.57.2,18361,7.873777041555476,1.0
192.168.57.2,18456,8.113711190248376,1.0
192.168.57.2,18551,8.127638267979737,1.0
192.168.57.2,18645,8.415140814943888,1.0
192.168.57.2,18739,7.972924056914849,1.0
192.168.57.2,18834,8.425015795428168,1.0
192.168.57.2,18927,8.783165744718904,1.0
192.168.57.2,19022,8.085708657608432,1.0
192.168.57.2,19117,7.44494862821927,1.0
192.168.57.2,19212,7.41422434377338,1.0
192.168.57.2,19307,7.893082589840281,1.0
192.168.57.2,19401,8.127267225807634,1.0
192.168.57.2,19496,8.141485255211037,1.0
192.168.57.2,19591,8.419906912531088,1.0
192.168.57.2,19686,7.979872442901851,1.0
192.168.57.2,19782,8.467009876851087,1.0
192.168.57.2,19877,8.766777585130427,1.0
192.168.57.2,19972,8.079618391744111,1.0
192.168.57.2,20068,7.435291561784368,1.0
192.168.57.2,20162,7.406780493408953,1.0
192.168.57.2,20258,7.898851700354733,1.0
192.168.57.2,20354,8.12878421534931,1.0
192.168.57.2,20446,8.141370954269634,1.0
192.168.57.2,20541,8.400397458247754,1.0
192.168.57.2,20636,7.97720365754505,1.0
192.168.57.2,20731,8.420481510256671,1.0
192.168.57.2,20826,8.775417250251092,1.0
192.168.57.2,20919,8.083913519454866,1.0
192.168.57.2,21014,7.445089917015653,1.0
192.168.57.2,21108,7.4152360917337665,1.0
192.168.57.2,21203,7.913101131369518,1.0
192.168.57.2,21298,8.134567575139231,1.0
192.168.57.2,21393,8.147046167988089,1.0
192.168.57.1,16054,11.720428927932058,1.0
192.168.57.1,16150,8.814569600348381,1.0
192.168.57.1,16245,7.728108250561151,1.0
192.168.57.1,16338,7.424664424457653,1.0
192.168.57.1,16433,7.406109228576768,1.0
192.168.57.1,16527,8.001983978507102,1.0
192.168.57.1,16622,8.135694662615432,1.0
192.168.57.1,16716,7.999187180084186,1.0
192.168.57.1,16810,7.722346587056252,1.0
192.168.57.1,16903,7.956711924076765,1.0
192.168.57.1,16998,11.645948201861273,1.0
192.168.57.1,17092,8.821968529794868,1.0
192.168.57.1,17186,7.729110135407504,1.0
192.168.57.1,17279,7.423989816237802,1.0
192.168.57.1,17375,7.404000750135157,1.0
192.168.57.1,17469,8.000500490735384,1.0
192.168.57.1,17564,8.127826601184019,1.0
192.168.57.1,17659,7.963508144559727,1.0
192.168.57.1,17754,7.7033731954088065,1.0
192.168.57.1,17848,7.942989082623795,1.0
192.168.57.1,17943,11.63942365884348,1.0
192.168.57.1,18037,8.80921128467525,1.0
192.168.57.1,18130,7.7114393293681935,1.0
192.168.57.1,18225,7.415136512339736,1.0
192.168.57.1,18320,7.396926330207382,1.0
192.168.57.1,18415,7.995086986828226,1.0
192.168.57.1,18509,8.122083980824181,1.0
192.168.57.1,18604,7.961224258929166,1.0
192.168.57.1,18698,7.720982137164422,1.0
192.168.57.1,18792,7.953230559970494,1.0
192.168.57.1,18887,11.576106674399592,1.0
192.168.57.1,18980,8.830900972946496,1.0
192.168.57.1,19076,7.715195674933478,1.0
192.168.57.1,19169,7.4307346108689964,1.0
192.168.57.1,19265,7.411555317062487,1.0
192.168.57.1,19360,8.013670660024983,1.0
192.168.57.1,19455,8.136460679802527,1.0
192.168.57.1,19549,8.001098089543582,1.0
192.168.57.1,19644,7.729867589311555,1.0
192.168.57.1,19738,7.960277587764075,1.0
192.168.57.1,19834,11.577302286094511,1.0
192.168.57.1,19929,8.812001801310425,1.0
192.168.57.1,20025,7.709132785174654,1.0
192.168.57.1,20120,7.421413523423669,1.0
192.168.57.1,20214,7.404359872522646,1.0
192.168.57.1,20311,8.016058047608675,1.0
192.168.57.1,20406,8.136700912626143,1.0
192.168.57.1,20501,7.950092253668996,1.0
192.168.57.1,20595,7.727448063144687,1.0
192.168.57.1,20689,7.958252750293498,1.0
192.168.57.1,20784,11.577849142586254,1.0
192.168.57.1,20879,8.81500183666866,1.0
192.168.57.1,20972,7.7042220738459735,1.0
192.168.57.1,21067,7.429823590836894,1.0
192.168.57.1,21161,7.412451672471906,1.0
192.168.57.1,21256,8.023897074365673,1.0
192.168.57.1,21351,8.14232472571873,1.0
192.168.57.1,21445,7.932282925487079,1.0
192.168.57.1,21541,7.7427156492798614,1.0
192.168.57.1,21637,7.961754342798695,1.0
192.168.57.3,16241,6.269102496271969,1.0
192.168.57.3,16334,7.362774352351328,1.0
192.168.57.3,16429,7.397098802726412,1.0
192.168.57.3,16524,8.448176499883296,1.0
192.168.57.3,16618,8.17018254343302,1.0
192.168.57.3,16713,8.14144649423583,1.0
192.168.57.3,16807,8.13757504596983,1.0
192.168.57.3,16900,8.02111360719747,1.0
192.168.57.3,16994,7.874720169337731,1.0
192.168.57.3,17089,8.322438437606573,1.0
192.168.57.3,17183,6.3036848186959045,1.0
192.168.57.3,17278,7.363833290039703,1.0
192.168.57.3,17373,7.39474610076884,1.0
192.168.57.3,17467,8.437094111910021,1.0
192.168.57.3,17562,8.160657201893839,1.0
192.168.57.3,17658,8.133273716451702,1.0
192.168.57.3,17753,8.122781529943094,1.0
192.168.57.3,17846,8.006926626481855,1.0
192.168.57.3,17940,7.861442629552922,1.0
192.168.57.3,18035,8.308254691681224,1.0
192.168.57.3,18127,6.298740737202549,1.0
192.168.57.3,18223,7.359335484148645,1.0
192.168.57.3,18318,7.387592213093714,1.0
192.168.57.3,18413,8.427002004550264,1.0
192.168.57.3,18508,8.154070005935331,1.0
192.168.57.3,18602,8.1277635783277,1.0
192.168.57.3,18696,8.131222613090237,1.0
192.168.57.3,18790,8.014742001825157,1.0
192.168.57.3,18885,7.890282487408084,1.0
192.168.57.3,18979,8.332675925894975,1.0
192.168.57.3,19073,6.339306227390594,1.0
192.168.57.3,19169,7.374135480420716,1.0
192.168.57.3,19264,7.402133113826454,1.0
192.168.57.3,19360,8.435018822018892,1.0
192.168.57.3,19454,8.167933966142824,1.0
192.168.57.3,19549,8.141702812772934,1.0
192.168.57.3,19644,8.137824910976093,1.0
192.168.57.3,19738,8.021655453415077,1.0
192.168.57.3,19833,7.893764366534511,1.0
192.168.57.3,19928,8.334532416030877,1.0
192.168.57.3,20024,6.371476763350364,1.0
192.168.57.3,20119,7.368498337236979,1.0
192.168.57.3,20214,7.3958082625863515,1.0
192.168.57.3,20310,8.431427820225329,1.0
192.168.57.3,20405,8.16705940193779,1.0
192.168.57.3,20500,8.14153726495213,1.0
192.168.57.3,20595,8.133359159948176,1.0
192.168.57.3,20689,8.018700138078367,1.0
192.168.57.3,20784,7.89161996759036,1.0
192.168.57.3,20879,8.334594042236485,1.0
192.168.57.3,20972,6.373176272243816,1.0
192.168.57.3,21067,7.375892391806901,1.0
192.168.57.3,21163,7.402834238071895,1.0
192.168.57.3,21257,8.435928502074166,1.0
192.168.57.3,21352,8.172013314116928,1.0
192.168.57.3,21447,8.147097006650018,1.0
192.168.57.3,21543,8.13378161467333,1.0
192.168.57.3,21638,8.017636237974111,1.0
192.168.57.3,21733,7.890665374746723,1.0
192.168.57.3,21827,8.324498418557084,1.0
192.168.57.5,16415,10.489194485803473,1.0
192.168.57.5,16508,8.136299207504688,1.0
192.168.57.5,16603,8.131342362413015,1.0
192.168.57.5,16697,7.570375823498706,1.0
192.168.57.5,16791,7.992092475298285,1.0
192.168.57.5,16885,7.635056838505403,1.0
192.168.57.5,16980,7.866635824724828,1.0
192.168.57.5,17075,8.227944800951953,1.0
192.168.57.5,17169,7.645626080265985,1.0
192.168.57.5,17264,7.389322943566749,1.0
192.168.57.5,17359,10.397266486286517,1.0
192.168.57.5,17452,8.126933125232263,1.0
192.168.57.5,17548,8.123857088580213,1.0
192.168.57.5,17643,7.546027667303254,1.0
192.168.57.5,17737,7.978996219603891,1.0
192.168.57.5,17831,7.622803550015825,1.0
192.168.57.5,17924,7.842774737987764,1.0
192.168.57.5,18017,8.210013621641131,1.0
192.168.57.5,18113,7.625740344525818,1.0
192.168.57.5,18208,7.380839257126035,1.0
192.168.57.5,18302,10.395679956643491,1.0
192.168.57.5,18397,8.117650361514036,1.0
192.168.57.5,18490,8.118334260977145,1.0
192.168.57.5,18583,7.557177872449511,1.0
192.168.57.5,18677,7.987554219852964,1.0
192.168.57.5,18771,7.630357203598119,1.0
192.168.57.5,18866,7.881845292437179,1.0
192.168.57.5,18960,8.237539343942567,1.0
192.168.57.5,19055,7.633930953753778,1.0
192.168.57.5,19151,7.3947110064014945,1.0
192.168.57.5,19246,10.31904182688084,1.0
192.168.57.5,19341,8.130972268130416,1.0
192.168.57.5,19435,8.132535576535387,1.0
192.168.57.5,19531,7.561563898157378,1.0
192.168.57.5,19625,7.994582418284953,1.0
192.168.57.5,19719,7.625258733450206,1.0
192.168.57.5,19814,7.889831765572175,1.0
192.168.57.5,19909,8.240379467299777,1.0
192.168.57.5,20005,7.630886014976646,1.0
192.168.57.5,20100,7.39008570704004,1.0
192.168.57.5,20195,10.315063272227663,1.0
192.168.57.5,20290,8.131060945625126,1.0
192.168.57.5,20386,8.132645280017773,1.0
192.168.57.5,20480,7.555678729084953,1.0
192.168.57.5,20575,7.993767895147704,1.0
192.168.57.5,20670,7.624003958410446,1.0
192.168.57.5,20764,7.878597787308153,1.0
192.168.57.5,20859,8.238077359328948,1.0
192.168.57.5,20952,7.638746063648243,1.0
192.168.57.5,21049,7.394480030031411,1.0
192.168.57.5,21145,10.16212420487069,1.0
192.168.57.5,21239,8.13479616106973,1.0
192.168.57.5,21333,8.138060513632238,1.0
192.168.57.5,21429,7.55897288251244,1.0
192.168.57.5,21525,7.994769340712349,1.0
192.168.57.5,21620,7.606937732016048,1.0
192.168.57.5,21714,7.882331145990694,1.0
192.168.57.5,21808,8.23083909812051,1.0
192.168.57.5,21902,7.625923045761123,1.0
192.168.57.5,21998,7.384642421603052,1.0
192.168.57.6,16732,6.309384367271947,1.0
192.168.57.6,16826,7.910571344330685,1.0
192.168.57.6,16919,7.988591011611611,1.0
192.168.57.6,17013,8.256379532921724,1.0
192.168.57.6,17108,8.479834266811705,1.0
192.168.57.6,17201,7.544490391203142,1.0
192.168.57.6,17297,7.413294819069443,1.0
192.168.57.6,17392,7.49997836846031,1.0
192.168.57.6,17487,8.06443941314037,1.0
192.168.57.6,17582,8.131186990348317,1.0
192.168.57.6,17677,6.300111527142467,1.0
192.168.57.6,17771,7.897212332093349,1.0
192.168.57.6,17865,7.9747476284070204,1.0
192.168.57.6,17959,8.242875572839115,1.0
192.168.57.6,18054,8.466050529318675,1.0
192.168.57.6,18145,7.532853338794589,1.0
192.168.57.6,18240,7.406707422248563,1.0
192.168.57.6,18335,7.493804851749118,1.0
192.168.57.6,18430,8.059799614291022,1.0
192.168.57.6,18525,8.125875614292411,1.0
192.168.57.6,18619,6.304898547212106,1.0
192.168.57.6,18714,7.908793895463785,1.0
192.168.57.6,18808,7.9838236765533335,1.0
192.168.57.6,18902,8.27393740096033,1.0
192.168.57.6,18996,8.489894542689724,1.0
192.168.57.6,19091,7.544532130034824,1.0
192.168.57.6,19186,7.421215444842112,1.0
192.168.57.6,19281,7.507311713972531,1.0
192.168.57.6,19376,8.07278853344645,1.0
192.168.57.6,19472,8.139687426830527,1.0
192.168.57.6,19568,6.340606129094762,1.0
192.168.57.6,19662,7.9156010610311105,1.0
192.168.57.6,19756,7.9906540264694135,1.0
192.168.57.6,19851,8.277020402596126,1.0
192.168.57.6,19947,8.48600976113997,1.0
192.168.57.6,20043,7.533766364479357,1.0
192.168.57.6,20140,7.412897761692284,1.0
192.168.57.6,20235,7.501067821066257,1.0
192.168.57.6,20332,8.07572678729431,1.0
192.168.57.6,20426,8.139531251480227,1.0
192.168.57.6,20522,6.365011713926037,1.0
192.168.57.6,20616,7.915556088407153,1.0
192.168.57.6,20711,7.9885951463908915,1.0
192.168.57.6,20805,8.275876110818773,1.0
192.168.57.6,20900,8.489484167260052,1.0
192.168.57.6,20994,7.543028078844075,1.0
192.168.57.6,21089,7.422643950757858,1.0
192.168.57.6,21184,7.536719809852595,1.0
192.168.57.6,21278,8.082725536373818,1.0
192.168.57.6,21373,8.14546380786916,1.0
192.168.57.6,21469,6.368460774702055,1.0
192.168.57.6,21565,7.919243433191407,1.0
192.168.57.6,21660,7.988604385167469,1.0
192.168.57.6,21755,8.275317236510064,1.0
192.168.57.6,21849,8.478248944805742,1.0
192.168.57.6,21945,7.519234322328279,1.0
192.168.57.6,22039,7.407884522614989,1.0
192.168.57.6,22134,7.500699610907878,1.0
192.168.57.6,22228,8.042400313362988,1.0
192.168.57.6,22323,8.10766530201293,1.0
192.168.57.4,16984,5.818276298626422,1.0
192.168.57.4,17078,7.165191322882649,1.0
192.168.57.4,17173,7.888168865022757,1.0
192.168.57.4,17267,7.22689929734175,1.0
192.168.57.4,17362,7.315826675637371,1.0
192.168.57.4,17457,7.673828257262224,1.0
192.168.57.4,17552,8.087713448594133,1.0
192.168.57.4,17648,8.127736505244844,1.0
192.168.57.4,17744,8.079521564776922,1.0
192.168.57.4,17838,8.081301777308749,1.0
192.168.57.4,17932,5.814308881501133,1.0
192.168.57.4,18026,7.154838857331583,1.0
192.168.57.4,18119,7.86582559003875,1.0
192.168.57.4,18213,7.213155510887196,1.0
192.168.57.4,18310,7.308386694902998,1.0
192.168.57.4,18404,7.668117489379547,1.0
192.168.57.4,18498,8.08091373949531,1.0
192.168.57.4,18594,8.121737700495776,1.0
192.168.57.4,18687,8.080800345627972,1.0
192.168.57.4,18782,8.086838263683681,1.0
192.168.57.4,18876,5.816782244287119,1.0
192.168.57.4,18970,7.171495327760772,0.0
192.168.57.4,19064,7.891696084838073,1.0
192.168.57.4,19160,7.2293519350458375,1.0
192.168.57.4,19255,7.3224283100055825,1.0
192.168.57.4,19352,7.697117684593858,1.0
192.168.57.4,19446,8.09812379249566,1.0
192.168.57.4,19542,8.136743713079083,1.0
192.168.57.4,19637,8.092178058960448,1.0
192.168.57.4,19731,8.095836438278457,1.0
192.168.57.4,19827,5.860753233461976,1.0
192.168.57.4,19922,7.199362267591633,1.0
192.168.57.4,20018,7.911774724440812,1.0
192.168.57.4,20114,7.235619892712405,1.0
192.168.57.4,20209,7.321228164773477,1.0
192.168.57.4,20304,7.6858361146147764,1.0
192.168.57.4,20401,8.09866676320558,1.0
192.168.57.4,20497,8.136481181254348,1.0
192.168.57.4,20592,8.089736812142695,1.0
192.168.57.4,20686,8.092776341358928,1.0
192.168.57.4,20782,5.839175726343303,1.0
192.168.57.4,20876,7.1801289900282255,0.16666666666666666
192.168.57.4,20971,7.900170784040996,1.0
192.168.57.4,21065,7.22327186465092,1.0
192.168.57.4,21159,7.320487356403961,1.0
192.168.57.4,21255,7.707600343977495,1.0
192.168.57.4,21350,8.104688256734427,1.0
192.168.57.4,21445,8.141846497744334,1.0
192.168.57.4,21540,8.096959463713755,1.0
192.168.57.4,21636,8.094785653071046,1.0
192.168.57.4,21731,5.839056851945148,1.0
192.168.57.4,21826,7.189066464330287,0.8333333333333334
192.168.57.4,21921,7.8985877399751185,1.0
192.168.57.4,22017,7.231608355942095,1.0
192.168.57.4,22112,7.3177894864631154,1.0
192.168.57.4,22206,7.671053746967727,1.0
192.168.57.4,22299,8.062705910935298,1.0
192.168.57.4,22393,8.102887603569812,1.0
192.168.57.4,22489,8.06134792260491,1.0
192.168.57.4,22585,8.069762725912685,1.0
192.168.57.2,21488,8.380880013913533,1.0
192.168.57.2,21584,7.977360285468301,1.0
192.168.57.2,21679,8.420553633032377,1.0
192.168.57.2,21774,8.76290426383448,1.0
192.168.57.2,21869,8.053134938926616,1.0
192.168.57.2,21964,7.430377683284881,1.0
192.168.57.2,22060,7.401856421243488,1.0
192.168.57.2,22154,7.861742176548341,1.0
192.168.57.2,22248,8.095512829607248,1.0
192.168.57.2,22342,8.109367083914691,1.0
192.168.57.2,22438,8.368011657690449,1.0
192.168.57.2,22532,7.959478533478401,1.0
192.168.57.2,22628,8.450886058174252,1.0
192.168.57.2,22722,8.760797363837485,1.0
192.168.57.2,22817,8.049786327647652,1.0
192.168.57.2,22912,7.430767548485584,1.0
192.168.57.2,23008,7.401083780607111,1.0
192.168.57.2,23103,7.90586095781388,1.0
192.168.57.2,23199,8.136448343195704,1.0
192.168.57.2,23295,8.148875010740293,1.0
192.168.57.2,23388,8.415405917494015,1.0
192.168.57.2,23483,8.002546397670818,1.0
192.168.57.2,23578,8.52903910511613,1.0
192.168.57.2,23673,8.78372073850877,1.0
192.168.57.2,23767,8.078394538574939,1.0
192.168.57.2,23862,7.4378412570254815,1.0
192.168.57.2,23956,7.40856083272125,1.0
192.168.57.2,24050,7.918733060127212,1.0
192.168.57.2,24144,8.144193731372715,1.0
192.168.57.2,24239,8.15764674165058,1.0
192.168.57.2,24335,8.366979366166149,1.0
192.168.57.2,24428,7.984168983892606,1.0
192.168.57.2,24523,8.468759201092235,1.0
192.168.57.2,24618,8.772268511313731,1.0
192.168.57.2,24713,8.044734108507487,1.0
192.168.57.2,24806,7.441679791719481,1.0
192.168.57.2,24900,7.4107118583041,1.0
192.168.57.2,24995,7.903018166324048,1.0
192.168.57.2,25090,8.119266554125709,1.0
192.168.57.2,25183,8.130996524595083,1.0
192.168.57.2,25278,8.362611451637285,1.0
192.168.57.2,25372,7.978159785554737,1.0
192.168.57.2,25468,8.503991154525238,1.0
192.168.57.2,25563,8.768681015069303,1.0
192.168.57.2,25659,8.039465775375595,1.0
192.168.57.2,25754,7.441766058273028,1.0
192.168.57.2,25849,7.414096334500999,1.0
192.168.57.2,25943,7.906237353719443,1.0
192.168.57.2,26037,8.128719218028433,1.0
192.168.57.2,26130,8.141681794261098,1.0
192.168.57.2,26226,8.354370326008128,1.0
192.168.57.2,26319,7.9904996768320125,1.0
192.168.57.2,26414,8.517449046748002,1.0
192.168.57.2,26509,8.762690677159052,1.0
192.168.57.2,26603,8.040947023810228,1.0
192.168.57.2,26698,7.441987985971862,1.0
192.168.57.2,26793,7.415237221201219,1.0
192.168.57.2,26887,7.9349673649672585,1.0
192.168.57.2,26982,8.151092409187722,1.0
192.168.57.2,27078,8.162917784489935,1.0
192.168.57.1,21731,11.504095341883287,1.0
192.168.57.1,21826,8.79738358223964,1.0
192.168.57.1,21921,7.7038598597508186,1.0
192.168.57.1,22017,7.416318591732984,1.0
192.168.57.1,22113,7.399380727516916,1.0
192.168.57.1,22206,7.979682268746027,1.0
192.168.57.1,22300,8.104218628162982,1.0
192.168.57.1,22395,7.920101351207256,1.0
192.168.57.1,22491,7.720264568917122,1.0
192.168.57.1,22586,7.942085492357259,1.0
192.168.57.1,22682,11.49645037461437,1.0
192.168.57.1,22776,8.798299296157735,1.0
192.168.57.1,22871,7.692521719617975,1.0
192.168.57.1,22967,7.415631624769441,1.0
192.168.57.1,23062,7.398553379485245,1.0
192.168.57.1,23157,8.024433652072275,1.0
192.168.57.1,23252,8.144253607094878,1.0
192.168.57.1,23349,7.934050570270674,1.0
192.168.57.1,23445,7.75863034304483,1.0
192.168.57.1,23540,7.984316106819374,1.0
192.168.57.1,23634,11.44886764287738,1.0
192.168.57.1,23728,8.824726586287971,1.0
192.168.57.1,23823,7.703874806495224,1.0
192.168.57.1,23918,7.422560426080562,1.0
192.168.57.1,24013,7.406767370776123,1.0
192.168.57.1,24108,8.035670685317935,1.0
192.168.57.1,24204,8.153220858891336,1.0
192.168.57.1,24299,7.943175128992846,1.0
192.168.57.1,24393,7.740398242425988,1.0
192.168.57.1,24489,7.966920546635186,1.0
192.168.57.1,24583,11.437382284241721,1.0
192.168.57.1,24676,8.814585685292556,1.0
192.168.57.1,24768,7.728585821333142,1.0
192.168.57.1,24863,7.427300278073564,1.0
192.168.57.1,24958,7.407959001757156,1.0
192.168.57.1,25053,8.012945974239292,1.0
192.168.57.1,25147,8.126609304553268,1.0
192.168.57.1,25242,7.895307586165022,1.0
192.168.57.1,25337,7.740005539575024,1.0
192.168.57.1,25431,7.960666754148929,1.0
192.168.57.1,25526,11.370247494464715,1.0
192.168.57.1,25621,8.79281984457005,1.0
192.168.57.1,25714,7.69638731830107,1.0
192.168.57.1,25810,7.427768617933244,1.0
192.168.57.1,25906,7.411592695917313,1.0
192.168.57.1,26000,8.019848397192954,1.0
192.168.57.1,26095,8.136992980900096,1.0
192.168.57.1,26190,7.905197198542742,1.0
192.168.57.1,26286,7.761485263798329,1.0
192.168.57.1,26381,7.974828330587025,1.0
192.168.57.1,26476,11.307577496431056,1.0
192.168.57.1,26571,8.784362651551561,1.0
192.168.57.1,26666,7.685113555960891,1.0
192.168.57.1,26761,7.4281862987557234,1.0
192.168.57.1,26855,7.413642636280521,1.0
192.168.57.1,26951,8.047123383635236,1.0
192.168.57.1,27045,8.158533786750857,1.0
192.168.57.1,27141,7.903140997750751,1.0
192.168.57.1,27235,7.758257179197732,1.0
192.168.57.1,27328,7.9720135605490645,1.0
192.168.57.3,21923,6.36390244658776,1.0
192.168.57.3,22018,7.364599850118771,1.0
192.168.57.3,22114,7.391012626023704,1.0
192.168.57.3,22208,8.397766370614502,1.0
192.168.57.3,22302,8.135448174168282,1.0
192.168.57.3,22397,8.109322023382079,1.0
192.168.57.3,22492,8.114968113465718,1.0
192.168.57.3,22586,7.999504607603478,1.0
192.168.57.3,22680,7.871027202692916,1.0
192.168.57.3,22775,8.318368046612674,1.0
192.168.57.3,22870,6.400467469975584,1.0
192.168.57.3,22965,7.3641968021643125,1.0
192.168.57.3,23060,7.389687592709158,1.0
192.168.57.3,23155,8.440536422124262,1.0
192.168.57.3,23251,8.172981401951066,1.0
192.168.57.3,23347,8.148828270609235,1.0
192.168.57.3,23443,8.15462625250166,1.0
192.168.57.3,23538,8.04169247952007,1.0
192.168.57.3,23633,7.927863547044165,1.0
192.168.57.3,23728,8.356150624642861,1.0
192.168.57.3,23823,6.444730009923007,1.0
192.168.57.3,23916,7.370857014008599,1.0
192.168.57.3,24011,7.3974790081343995,1.0
192.168.57.3,24106,8.440493802149208,1.0
192.168.57.3,24202,8.181171048638962,1.0
192.168.57.3,24296,8.157690203519659,1.0
192.168.57.3,24390,8.13791032075744,1.0
192.168.57.3,24484,8.02457948733399,1.0
192.168.57.3,24579,7.904158641753904,1.0
192.168.57.3,24673,8.338587262785675,1.0
192.168.57.3,24767,6.438372470917906,1.0
192.168.57.3,24861,7.371065965838061,1.0
192.168.57.3,24958,7.398256798170092,1.0
192.168.57.3,25051,8.412470321682456,1.0
192.168.57.3,25147,8.153916067144307,1.0
192.168.57.3,25241,8.130938206639359,1.0
192.168.57.3,25338,8.124911559967693,1.0
192.168.57.3,25433,8.016105182441525,1.0
192.168.57.3,25530,7.90840000219227,1.0
192.168.57.3,25625,8.342261229653868,1.0
192.168.57.3,25721,6.467138589815074,1.0
192.168.57.3,25817,7.380731065872897,1.0
192.168.57.3,25911,7.403092956097677,1.0
192.168.57.3,26005,8.420364861582815,1.0
192.168.57.3,26100,8.165008977086206,1.0
192.168.57.3,26194,8.141669646518864,1.0
192.168.57.3,26289,8.140996862278813,1.0
192.168.57.3,26382,8.029258373654136,1.0
192.168.57.3,26476,7.917709912105466,1.0
192.168.57.3,26571,8.341339002782801,1.0
192.168.57.3,26666,6.498250157262736,1.0
192.168.57.3,26761,7.382218994700477,1.0
192.168.57.3,26857,7.4046016563770864,1.0
192.168.57.3,26953,8.434508192019441,1.0
192.168.57.3,27048,8.185007777714521,1.0
192.168.57.3,27143,8.162835460058417,1.0
192.168.57.3,27239,8.139649256809758,1.0
192.168.57.3,27332,8.028496014589724,1.0
192.168.57.3,27426,7.910621589603786,1.0
192.168.57.3,27522,8.339225749076872,1.0
192.168.57.5,22092,10.222510865359082,1.0
192.168.57.5,22186,8.099313264680122,1.0
192.168.57.5,22280,8.09988308469937,1.0
192.168.57.5,22375,7.550816987459349,1.0
192.168.57.5,22469,7.973794906517715,1.0
192.168.57.5,22564,7.576455439101971,1.0
192.168.57.5,22659,7.875861780312994,1.0
192.168.57.5,22753,8.226140198988018,1.0
192.168.57.5,22848,7.61786663155194,1.0
192.168.57.5,22944,7.382603920865575,1.0
192.168.57.5,23038,10.233100681005645,1.0
192.168.57.5,23134,8.134770756638225,1.0
192.168.57.5,23230,8.140306228848761,1.0
192.168.57.5,23325,7.581628683259103,1.0
192.168.57.5,23420,8.01638858649377,1.0
192.168.57.5,23514,7.601141931520109,1.0
192.168.57.5,23608,7.917863618511487,1.0
192.168.57.5,23701,8.26021866635239,1.0
192.168.57.5,23795,7.630478373290047,1.0
192.168.57.5,23889,7.391215400829977,1.0
192.168.57.5,23984,10.082760458496631,1.0
192.168.57.5,24078,8.145221590695554,1.0
192.168.57.5,24172,8.148953978211228,1.0
192.168.57.5,24267,7.5764069970673935,1.0
192.168.57.5,24361,8.000665735023551,1.0
192.168.57.5,24457,7.5860151081239815,1.0
192.168.57.5,24552,7.898306384996444,1.0
192.168.57.5,24648,8.245044270013574,1.0
192.168.57.5,24742,7.623986075683718,1.0
192.168.57.5,24839,7.389701322653516,1.0
192.168.57.5,24933,10.078496617534116,1.0
192.168.57.5,25029,8.115264954984793,1.0
192.168.57.5,25124,8.122423289005534,1.0
192.168.57.5,25218,7.564581839488961,1.0
192.168.57.5,25314,7.994121159194992,1.0
192.168.57.5,25410,7.580732006320722,1.0
192.168.57.5,25506,7.907442071294027,1.0
192.168.57.5,25601,8.24827832195983,1.0
192.168.57.5,25696,7.619729978274283,1.0
192.168.57.5,25790,7.396075005633316,1.0
192.168.57.5,25884,10.083064675501674,1.0
192.168.57.5,25979,8.127067295913685,1.0
192.168.57.5,26072,8.132790923193205,1.0
192.168.57.5,26166,7.619093463995582,1.0
192.168.57.5,26261,8.005890624148599,1.0
192.168.57.5,26355,7.591857658852106,1.0
192.168.57.5,26449,7.9036688380107805,1.0
192.168.57.5,26544,8.245169760325581,1.0
192.168.57.5,26640,7.618536721984623,1.0
192.168.57.5,26730,7.398079733202558,1.0
192.168.57.5,26825,10.014456443579839,1.0
192.168.57.5,26920,8.147110917136738,1.0
192.168.57.5,27014,8.154506492301183,1.0
192.168.57.5,27111,7.619524228709802,1.0
192.168.57.5,27205,8.007243987145834,1.0
192.168.57.5,27300,7.567189671379388,1.0
192.168.57.5,27395,7.9084014837702545,1.0
192.168.57.5,27490,8.244497489707175,1.0
192.168.57.5,27585,7.613080590224779,1.0
192.168.57.5,27677,7.396074252977103,1.0
192.168.57.4,22680,5.853886233688185,1.0
192.168.57.4,22774,7.176415536289315,0.5
192.168.57.4,22871,7.898756840217471,1.0
192.168.57.4,22967,7.222555591472076,1.0
192.168.57.4,23062,7.313657995224453,1.0
192.168.57.4,23158,7.711762903445664,1.0
192.168.57.4,23253,8.106534078214665,1.0
192.168.57.4,23349,8.14338241564047,1.0
192.168.57.4,23443,8.10025210380845,1.0
192.168.57.4,23539,8.110009851683731,1.0
192.168.57.4,23634,5.887210268397714,1.0
192.168.57.4,23730,7.23708591999141,1.0
192.168.57.4,23824,7.9312254429044975,1.0
192.168.57.4,23920,7.232562233598713,1.0
192.168.57.4,24014,7.321269089799989,1.0
192.168.57.4,24110,7.729177275731201,1.0
192.168.57.4,24205,8.117375704364292,1.0
192.168.57.4,24299,8.1524509024866,1.0
192.168.57.4,24394,8.104653081804456,1.0
192.168.57.4,24488,8.102582669325866,1.0
192.168.57.4,24584,5.8816542863915995,1.0
192.168.57.4,24679,7.211975511535707,1.0
192.168.57.4,24773,7.910360973237737,1.0
192.168.57.4,24869,7.220675467081448,1.0
192.168.57.4,24965,7.317370377530391,1.0
192.168.57.4,25060,7.696602254138262,1.0
192.168.57.4,25156,8.089605636889457,1.0
192.168.57.4,25250,8.125320738533658,1.0
192.168.57.4,25345,8.07950081936264,1.0
192.168.57.4,25441,8.08481721238969,1.0
192.168.57.4,25537,5.900605103023094,1.0
192.168.57.4,25633,7.231713435691253,1.0
192.168.57.4,25729,7.929093467750434,1.0
192.168.57.4,25823,7.238998889568001,1.0
192.168.57.4,25919,7.329291951766215,1.0
192.168.57.4,26014,7.719178645671259,1.0
192.168.57.4,26109,8.10148573136454,1.0
192.168.57.4,26202,8.13622075434681,1.0
192.168.57.4,26298,8.095882173927226,1.0
192.168.57.4,26392,8.10156559387092,1.0
192.168.57.4,26486,5.904566381729464,1.0
192.168.57.4,26581,7.228102565305246,1.0
192.168.57.4,26676,7.922366990433054,1.0
192.168.57.4,26771,7.238012524680289,1.0
192.168.57.4,26866,7.329551816967287,1.0
192.168.57.4,26961,7.742718787394799,1.0
192.168.57.4,27057,8.124030296259509,1.0
192.168.57.4,27152,8.157779508237459,1.0
192.168.57.4,27248,8.109846932443219,1.0
192.168.57.4,27343,8.105579788724615,1.0
192.168.57.4,27436,5.923652590356003,1.0
192.168.57.4,27531,7.231754999916267,1.0
192.168.57.4,27627,7.926292905312486,1.0
192.168.57.4,27721,7.237819741752007,1.0
192.168.57.4,27816,7.328029593278984,1.0
192.168.57.4,27846,7.347522462005406,1.0
192.168.57.4,28003,8.00773685365474,1.0
192.168.57.4,28096,7.899689417434088,1.0
192.168.57.4,28190,7.786323687486226,1.0
192.168.57.4,28284,7.90754891337847,1.0
192.168.57.2,27172,8.352691116747069,1.0
192.168.57.2,27266,7.989011597058566,1.0
192.168.57.2,27360,8.513603659049641,1.0
192.168.57.2,27455,8.758674473969842,1.0
192.168.57.2,27551,8.017030502200845,1.0
192.168.57.2,27644,7.440312680036529,1.0
192.168.57.2,27738,7.4154761645716025,1.0
192.168.57.2,27832,7.788107316409928,1.0
192.168.57.2,27926,7.742526632856374,1.0
192.168.57.2,28021,7.616722658190381,1.0
192.168.57.2,28114,8.34636922699003,1.0
192.168.57.2,28208,7.709695857057471,1.0
192.168.57.2,28302,8.180413164476924,1.0
192.168.57.2,28395,8.180561716055267,0.8333333333333334
192.168.57.2,28488,7.362018618876998,0.8333333333333334
192.168.57.2,28582,7.133057045320676,0.8333333333333334
192.168.57.2,28675,7.245987482176309,0.8333333333333334
192.168.57.2,28769,7.7060786661240535,0.8333333333333334
192.168.57.2,28862,7.705076130617377,0.8333333333333334
192.168.57.2,28956,7.593608132380992,0.8333333333333334
192.168.57.2,29049,8.336555545254038,0.8333333333333334
192.168.57.2,29143,7.700597380267934,0.8333333333333334
192.168.57.2,29236,8.134117173413774,0.8333333333333334
192.168.57.2,29329,8.187736135844316,0.8333333333333334
192.168.57.2,29423,7.3609599038526525,0.8333333333333334
192.168.57.2,29515,7.128231078848701,0.8333333333333334
192.168.57.2,29609,7.243871254287456,0.8333333333333334
192.168.57.2,29703,7.707333039821945,0.8333333333333334
192.168.57.2,29795,7.703831976730514,0.8333333333333334
192.168.57.2,29888,7.593712057982521,0.8333333333333334
192.168.57.2,29982,8.31705011698666,0.8333333333333334
192.168.57.2,30076,7.699119080463913,0.8333333333333334
192.168.57.2,30169,8.17552865404443,0.8333333333333334
192.168.57.2,30263,8.173579277595334,0.8333333333333334
192.168.57.2,30353,7.379500477174348,0.8333333333333334
192.168.57.2,30447,7.1308659504495395,0.8333333333333334
192.168.57.2,30540,7.244450678041605,0.8333333333333334
192.168.57.2,30634,7.7107845704491975,0.8333333333333334
192.168.57.2,30726,7.710136169213014,0.8333333333333334
192.168.57.2,30819,7.597894521128278,0.8333333333333334
192.168.57.2,30911,8.338250173030463,0.8333333333333334
192.168.57.2,31003,7.706290912298923,0.8333333333333334
192.168.57.2,31096,8.21873874364125,0.8333333333333334
192.168.57.2,31189,8.172577656126775,0.8333333333333334
192.168.57.2,31282,7.3461065505674235,0.8333333333333334
192.168.57.2,31375,7.130930115218246,0.8333333333333334
192.168.57.2,31467,7.243837415926987,0.8333333333333334
192.168.57.2,31560,7.7061379867398525,0.8333333333333334
192.168.57.2,31652,7.705962013859087,0.8333333333333334
192.168.57.2,31746,7.594018304277422,0.8333333333333334
192.168.57.2,31838,8.336652883656736,0.8333333333333334
192.168.57.2,31931,7.702120615163979,0.8333333333333334
192.168.57.2,32022,8.178825219518128,0.8333333333333334
192.168.57.2,32114,8.190316808693373,0.8333333333333334
192.168.57.2,32206,7.35437312936134,0.8333333333333334
192.168.57.2,32299,7.134950899110075,0.8333333333333334
192.168.57.2,32393,7.247839715734591,0.8333333333333334
192.168.57.2,32486,7.708774115286848,0.8333333333333334
192.168.57.2,32576,7.70730006698577,0.8333333333333334
192.168.57.2,32667,7.597961383760309,0.8333333333333334
192.168.57.1,27424,11.305548880278273,1.0
192.168.57.1,27519,8.780783590392325,1.0
192.168.57.1,27615,7.67246043857997,1.0
192.168.57.1,27710,7.425225760078457,1.0
192.168.57.1,27803,7.41528717708594,1.0
192.168.57.1,27897,7.819561314967808,1.0
192.168.57.1,27993,7.702364341274309,1.0
192.168.57.1,28086,7.594217532703339,1.0
192.168.57.1,28181,7.670449654994817,1.0
192.168.57.1,28274,7.647696640609687,1.0
192.168.57.1,28367,11.052159824294009,1.0
192.168.57.1,28460,8.150937942438905,0.8333333333333334
192.168.57.1,28551,7.161527846160268,0.8333333333333334
192.168.57.1,28645,7.168651267391768,0.8333333333333334
192.168.57.1,28739,7.268617877364773,0.8333333333333334
192.168.57.1,28832,7.752939984294951,0.8333333333333334
192.168.57.1,28926,7.671397626386995,0.8333333333333334
192.168.57.1,29021,7.571569456036514,0.8333333333333334
192.168.57.1,29114,7.657320134388329,0.8333333333333334
192.168.57.1,29207,7.639263782684115,0.8333333333333334
192.168.57.1,29300,11.122113707911167,0.8333333333333334
192.168.57.1,29394,8.14979570095975,0.8333333333333334
192.168.57.1,29488,7.1465095833569565,0.8333333333333334
192.168.57.1,29579,7.1639454767766955,0.8333333333333334
192.168.57.1,29673,7.267633602849347,0.8333333333333334
192.168.57.1,29767,7.752701484156465,0.8333333333333334
192.168.57.1,29859,7.670295916791759,0.8333333333333334
192.168.57.1,29953,7.571666767850677,0.8333333333333334
192.168.57.1,30046,7.657397562028049,0.8333333333333334
192.168.57.1,30140,7.63883429093754,0.8333333333333334
192.168.57.1,30234,10.980616777072079,0.8333333333333334
192.168.57.1,30327,8.140748357893221,0.8333333333333334
192.168.57.1,30418,7.153688609710777,0.8333333333333334
192.168.57.1,30511,7.166276200323715,0.8333333333333334
192.168.57.1,30604,7.268142976268218,0.8333333333333334
192.168.57.1,30698,7.758542866087014,0.8333333333333334
192.168.57.1,30790,7.676123761664142,0.8333333333333334
192.168.57.1,30882,7.5769081632683815,0.8333333333333334
192.168.57.1,30975,7.6583923267484195,0.8333333333333334
192.168.57.1,31067,7.642522775437916,0.8333333333333334
192.168.57.1,31160,10.982713424478755,0.8333333333333334
192.168.57.1,31254,8.131926025660288,0.8333333333333334
192.168.57.1,31347,7.145734056177601,0.8333333333333334
192.168.57.1,31440,7.166557866323337,0.8333333333333334
192.168.57.1,31532,7.269569914350157,0.8333333333333334
192.168.57.1,31625,7.753353309354086,0.8333333333333334
192.168.57.1,31718,7.670695303189735,0.8333333333333334
192.168.57.1,31810,7.573568886699882,0.8333333333333334
192.168.57.1,31903,7.656166140205417,0.8333333333333334
192.168.57.1,31997,7.639516981722332,0.8333333333333334
192.168.57.1,32088,11.052366232868788,0.8333333333333334
192.168.57.1,32181,8.152040346892488,0.8333333333333334
192.168.57.1,32274,7.147298615435687,0.8333333333333334
192.168.57.1,32369,7.172771457235925,0.8333333333333334
192.168.57.1,32461,7.2729775287977105,0.8333333333333334
192.168.57.1,32552,7.752374221194876,0.8333333333333334
192.168.57.1,32644,7.673632299448887,0.8333333333333334
192.168.57.1,32734,7.576910918352826,0.8333333333333334
192.168.57.1,32827,7.659744167166006,0.8333333333333334
192.168.57.1,32922,7.637314949335207,0.8333333333333334
192.168.57.3,27617,6.495110118490686,1.0
192.168.57.3,27712,7.3794514933413735,1.0
192.168.57.3,27806,7.403298950228338,1.0
192.168.57.3,27899,8.324709340543773,1.0
192.168.57.3,27994,7.867494100748069,1.0
192.168.57.3,28088,7.69409845464449,1.0
192.168.57.3,28181,8.045741871179517,1.0
192.168.57.3,28275,7.810364095068135,1.0
192.168.57.3,28368,7.5826019055606375,1.0
192.168.57.3,28461,7.855770223075769,0.8333333333333334
192.168.57.3,28555,6.196692537790119,0.8333333333333334
192.168.57.3,28648,7.01490429504917,0.8333333333333334
192.168.57.3,28742,7.175703189225251,0.8333333333333334
192.168.57.3,28836,8.235988762362089,0.8333333333333334
192.168.57.3,28929,7.819119348741565,0.8333333333333334
192.168.57.3,29024,7.656902662243854,0.8333333333333334
192.168.57.3,29116,8.024644548055416,0.8333333333333334
192.168.57.3,29210,7.796317515318303,0.8333333333333334
192.168.57.3,29303,7.571072111762552,0.8333333333333334
192.168.57.3,29395,7.854713863083296,0.8333333333333334
192.168.57.3,29490,6.199274905550856,0.8333333333333334
192.168.57.3,29581,7.008085057957643,0.8333333333333334
192.168.57.3,29675,7.172094594104013,0.8333333333333334
192.168.57.3,29768,8.23312861195804,0.8333333333333334
192.168.57.3,29861,7.81736759093165,0.8333333333333334
192.168.57.3,29954,7.658148852012305,0.8333333333333334
192.168.57.3,30048,8.025193795281504,0.8333333333333334
192.168.57.3,30141,7.797243618691414,0.8333333333333334
192.168.57.3,30235,7.577940335414426,0.8333333333333334
192.168.57.3,30328,7.857158110879413,0.8333333333333334
192.168.57.3,30419,6.154248867525368,0.8333333333333334
192.168.57.3,30513,7.012039389343976,0.8333333333333334
192.168.57.3,30606,7.172861438418875,0.8333333333333334
192.168.57.3,30700,8.242435548463865,0.8333333333333334
192.168.57.3,30792,7.827437576757477,0.8333333333333334
192.168.57.3,30885,7.663994749042822,0.8333333333333334
192.168.57.3,30977,8.028446349911718,0.8333333333333334
192.168.57.3,31069,7.803519105601046,0.8333333333333334
192.168.57.3,31161,7.590155641801358,0.8333333333333334
192.168.57.3,31255,7.857895803995241,0.8333333333333334
192.168.57.3,31348,6.199675951511282,0.8333333333333334
192.168.57.3,31441,7.0136861578623275,0.8333333333333334
192.168.57.3,31532,7.17109747553542,0.8333333333333334
192.168.57.3,31624,8.234845882825113,0.8333333333333334
192.168.57.3,31717,7.819671513531758,0.8333333333333334
192.168.57.3,31810,7.659966053756757,0.8333333333333334
192.168.57.3,31904,8.023998696144135,0.8333333333333334
192.168.57.3,31997,7.7970417952327455,0.8333333333333334
192.168.57.3,32088,7.583386243706527,0.8333333333333334
192.168.57.3,32181,7.858097797528356,0.8333333333333334
192.168.57.3,32274,6.223727049891891,0.8333333333333334
192.168.57.3,32369,7.023631472623202,0.8333333333333334
192.168.57.3,32462,7.1778149840407455,0.8333333333333334
192.168.57.3,32554,8.228258591040165,0.8333333333333334
192.168.57.3,32645,7.821035523165765,0.8333333333333334
192.168.57.3,32735,7.663609349499374,0.8333333333333334
192.168.57.3,32827,8.021728830217072,0.8333333333333334
192.168.57.3,32920,7.790763284540531,0.8333333333333334
192.168.57.3,33014,7.585037824502025,0.8333333333333334
192.168.57.3,33107,7.855419060280734,0.8333333333333334
192.168.57.5,27771,9.956352261964772,1.0
192.168.57.5,27865,7.822002791146367,1.0
192.168.57.5,27959,7.699522792854115,1.0
192.168.57.5,28053,7.683053521222758,1.0
192.168.57.5,28147,7.7753512715019,1.0
192.168.57.5,28240,7.234430271101296,1.0
192.168.57.5,28334,7.4499819770688385,1.0
192.168.57.5,28426,7.567783009500912,0.8333333333333334
192.168.57.5,28520,7.21413590261116,0.8333333333333334
192.168.57.5,28614,7.172373103914057,0.8333333333333334
192.168.57.5,28708,9.890712351184511,0.8333333333333334
192.168.57.5,28801,7.7743582931888975,0.8333333333333334
192.168.57.5,28895,7.654012620984212,0.8333333333333334
192.168.57.5,28988,7.653989444903527,0.8333333333333334
192.168.57.5,29082,7.757417948963385,0.8333333333333334
192.168.57.5,29176,7.228954409868505,0.8333333333333334
192.168.57.5,29267,7.444617937915523,0.8333333333333334
192.168.57.5,29361,7.568150170309286,0.8333333333333334
192.168.57.5,29455,7.212411649151282,0.8333333333333334
192.168.57.5,29547,7.169573072031194,0.8333333333333334
192.168.57.5,29639,9.888631055845611,0.8333333333333334
192.168.57.5,29733,7.76918860600675,0.8333333333333334
192.168.57.5,29826,7.652551256145894,0.8333333333333334
192.168.57.5,29919,7.691741624403616,0.8333333333333334
192.168.57.5,30012,7.7571814231518355,0.8333333333333334
192.168.57.5,30105,7.229347940905228,0.8333333333333334
192.168.57.5,30199,7.45707709158866,0.8333333333333334
192.168.57.5,30292,7.569500686235928,0.8333333333333334
192.168.57.5,30383,7.215895379304676,0.8333333333333334
192.168.57.5,30476,7.170151009942639,0.8333333333333334
192.168.57.5,30569,9.89141776266736,0.8333333333333334
192.168.57.5,30661,7.781835031723544,0.8333333333333334
192.168.57.5,30753,7.659013526023395,0.8333333333333334
192.168.57.5,30845,7.658354337815528,0.8333333333333334
192.168.57.5,30938,7.762538319294738,0.8333333333333334
192.168.57.5,31030,7.229484038493675,0.8333333333333334
192.168.57.5,31124,7.457181266111049,0.8333333333333334
192.168.57.5,31218,7.568807171392798,0.8333333333333334
192.168.57.5,31310,7.212562612104465,0.8333333333333334
192.168.57.5,31402,7.169581804399343,0.8333333333333334
192.168.57.5,31494,9.890886117795299,0.8333333333333334
192.168.57.5,31586,7.777812319295393,0.8333333333333334
192.168.57.5,31680,7.654732080849594,0.8333333333333334
192.168.57.5,31773,7.6741317252472525,0.8333333333333334
192.168.57.5,31865,7.760138506990803,0.8333333333333334
192.168.57.5,31959,7.220079634646003,0.8333333333333334
192.168.57.5,32050,7.452290390995144,0.8333333333333334
192.168.57.5,32143,7.5687442711641815,0.8333333333333334
192.168.57.5,32236,7.207461271003151,0.8333333333333334
192.168.57.5,32329,7.1725987246290615,0.8333333333333334
192.168.57.5,32421,9.8154749864873,0.8333333333333334
192.168.57.5,32512,7.776410388690884,0.8333333333333334
192.168.57.5,32604,7.655671855664788,0.8333333333333334
192.168.57.5,32694,7.695468141274428,0.8333333333333334
192.168.57.5,32788,7.755858342965435,0.8333333333333334
192.168.57.5,32883,7.1975616719407665,0.8333333333333334
192.168.57.5,32977,7.461255995841987,0.8333333333333334
192.168.57.5,33071,7.56926674052717,0.8333333333333334
192.168.57.5,33164,7.209876377312633,0.8333333333333334
192.168.57.5,33258,7.1706522345405235,0.8333333333333334
192.168.57.4,28376,5.817356641287503,1.0
192.168.57.4,28470,6.964070417601707,0.8333333333333334
192.168.57.4,28562,7.483819821746939,0.8333333333333334
192.168.57.4,28655,6.852019642675841,0.8333333333333334
192.168.57.4,28749,6.974527821023521,0.8333333333333334
192.168.57.4,28844,7.4686407369106975,0.8333333333333334
192.168.57.4,28937,7.868523386115049,0.8333333333333334
192.168.57.4,29030,7.816098567917122,0.8333333333333334
192.168.57.4,29124,7.734148378353331,0.8333333333333334
192.168.57.4,29218,7.875550367071685,0.8333333333333334
192.168.57.4,29312,5.850164354469122,0.8333333333333334
192.168.57.4,29404,6.958516573173596,0.8333333333333334
192.168.57.4,29498,7.487390025041674,0.8333333333333334
192.168.57.4,29591,6.848443274328614,0.8333333333333334
192.168.57.4,29683,6.967473968049931,0.8333333333333334
192.168.57.4,29777,7.461903783164526,0.8333333333333334
192.168.57.4,29870,7.8645379132675055,0.8333333333333334
192.168.57.4,29963,7.8135575681412375,0.8333333333333334
192.168.57.4,30056,7.733798856670314,0.8333333333333334
192.168.57.4,30150,7.876199004003077,0.8333333333333334
192.168.57.4,30244,5.850542517871075,0.8333333333333334
192.168.57.4,30337,6.968640189161639,0.8333333333333334
192.168.57.4,30429,7.486688992619883,0.8333333333333334
192.168.57.4,30521,6.847834817926,0.8333333333333334
192.168.57.4,30615,6.969554081695353,0.8333333333333334
192.168.57.4,30708,7.465423076497561,0.8333333333333334
192.168.57.4,30801,7.875002937358773,0.8333333333333334
192.168.57.4,30894,7.823169850928309,0.8333333333333334
192.168.57.4,30986,7.740978701987789,0.8333333333333334
192.168.57.4,31079,7.880407064567784,0.8333333333333334
192.168.57.4,31170,5.834469238526579,0.8333333333333334
192.168.57.4,31263,6.967641696978771,0.8333333333333334
192.168.57.4,31356,7.489611628061601,0.8333333333333334
192.168.57.4,31450,6.848739222160642,0.8333333333333334
192.168.57.4,31542,6.96903692808621,0.8333333333333334
192.168.57.4,31634,7.4586856882668675,0.8333333333333334
192.168.57.4,31729,7.869979074479235,0.8333333333333334
192.168.57.4,31822,7.817037062280541,0.8333333333333334
192.168.57.4,31915,7.735284657772654,0.8333333333333334
192.168.57.4,32008,7.876055839729076,0.8333333333333334
192.168.57.4,32100,5.834069333993348,0.8333333333333334
192.168.57.4,32192,6.955889916876623,0.8333333333333334
192.168.57.4,32285,7.48547259862487,0.8333333333333334
192.168.57.4,32378,6.8470067645656965,0.8333333333333334
192.168.57.4,32471,6.973371707073553,0.8333333333333334
192.168.57.4,32563,7.464758046654066,0.8333333333333334
192.168.57.4,32654,7.865325389674443,0.8333333333333334
192.168.57.4,32745,7.819279215117436,0.8333333333333334
192.168.57.4,32836,7.743007763348055,0.8333333333333334
192.168.57.4,32929,7.877537470195516,0.8333333333333334
192.168.57.4,33023,5.866855106311292,0.8333333333333334
192.168.57.4,33115,6.9667274435117355,0.8333333333333334
192.168.57.4,33208,7.488626668419453,0.8333333333333334
192.168.57.4,33301,6.84759612662203,0.8333333333333334
192.168.57.4,33396,6.971682497592439,0.8333333333333334
192.168.57.4,33490,7.480756047014323,0.8333333333333334
192.168.57.4,33584,7.871315497851121,0.8333333333333334
192.168.57.4,33678,7.814935493837448,0.8333333333333334
192.168.57.4,33770,7.7407367177903295,0.8333333333333334
192.168.57.4,33863,7.878657557661309,0.8333333333333334
192.168.57.2,32758,8.31844287630512,0.8333333333333334
192.168.57.2,32853,7.697417315363357,0.8333333333333334
192.168.57.2,32946,8.212078403058888,0.8333333333333334
192.168.57.2,33038,8.171929664102382,0.8333333333333334
192.168.57.2,33129,7.348632354062746,0.8333333333333334
192.168.57.2,33222,7.131668575866551,0.8333333333333334
192.168.57.2,33315,7.244972953840855,0.8333333333333334
192.168.57.2,33409,7.711451483596337,0.8333333333333334
192.168.57.2,33503,7.703648385656174,0.8333333333333334
192.168.57.2,33597,7.592809588207487,0.8333333333333334
192.168.57.2,33689,8.299714769995873,0.8333333333333334
192.168.57.2,33782,7.699308488055534,0.8333333333333334
192.168.57.2,33875,8.251782224391551,0.8333333333333334
192.168.57.2,33941,8.321291443674516,0.16666666666666666
192.168.57.2,34059,7.60518308266388,0.16666666666666666
192.168.57.2,34152,7.504132817781163,0.16666666666666666
192.168.57.2,34243,7.487299472257911,0.16666666666666666
192.168.57.2,34336,7.4845722397319285,0.16666666666666666
192.168.57.2,34429,7.484156079184817,0.16666666666666666
192.168.57.2,34522,7.484092568867295,0.16666666666666666
192.168.57.2,34615,8.184100171978171,0.16666666666666666
192.168.57.2,34708,7.525279761519181,0.16666666666666666
192.168.57.2,34802,8.228927325918127,0.16666666666666666
192.168.57.2,34894,8.05732837582752,0.16666666666666666
192.168.57.2,34989,7.594843285733605,0.16666666666666666
192.168.57.2,35081,7.5027860046991774,0.16666666666666666
192.168.57.2,35175,7.486941671049602,0.16666666666666666
192.168.57.2,35268,7.4845221472605,0.16666666666666666
192.168.57.2,35361,7.484148729644379,0.16666666666666666
192.168.57.2,35454,7.4840914183714045,0.16666666666666666
192.168.57.2,35547,8.163099526651182,0.16666666666666666
192.168.57.2,35641,7.5228448985764365,0.16666666666666666
192.168.57.2,35735,8.262023748678029,0.16666666666666666
192.168.57.2,35828,8.039828794981602,0.16666666666666666
192.168.57.2,35921,7.59483384060475,0.16666666666666666
192.168.57.2,36015,7.502162600959068,0.16666666666666666
192.168.57.2,36107,7.48698777878782,0.16666666666666666
192.168.57.2,36198,7.484548880614725,0.16666666666666666
192.168.57.2,36291,7.484152905727902,0.16666666666666666
192.168.57.2,36383,7.484092328281042,0.16666666666666666
192.168.57.2,36475,8.163099617951977,0.16666666666666666
192.168.57.2,36562,7.532057125234156,0.16666666666666666
192.168.57.2,36651,8.116513404319658,0.16666666666666666
192.168.57.2,36744,8.075259560752206,0.16666666666666666
192.168.57.2,36836,7.605732848429186,0.16666666666666666
192.168.57.2,36928,7.5048342532471315,0.16666666666666666
192.168.57.2,37020,7.487424767495753,0.16666666666666666
192.168.57.2,37111,7.484619416016354,0.16666666666666666
192.168.57.2,37204,7.484163770281374,0.16666666666666666
192.168.57.2,37295,7.484094350769502,0.16666666666666666
192.168.57.2,37389,8.122969782901595,0.16666666666666666
192.168.57.2,37482,7.5216820541032785,0.16666666666666666
192.168.57.2,37576,8.293085529025776,0.16666666666666666
192.168.57.2,37667,8.046927987922844,0.16666666666666666
192.168.57.2,37761,7.5956389962789235,0.16666666666666666
192.168.57.2,37854,7.502808546231287,0.16666666666666666
192.168.57.2,37947,7.487039820778686,0.16666666666666666
192.168.57.2,38040,7.484539166900813,0.16666666666666666
192.168.57.2,38132,7.484152873050759,0.16666666666666666
192.168.57.2,38221,7.484093024787357,0.16666666666666666
192.168.57.1,33015,10.979626462683997,0.8333333333333334
192.168.57.1,33109,8.13026328381693,0.8333333333333334
192.168.57.1,33202,7.143036248086456,0.8333333333333334
192.168.57.1,33294,7.16708322007673,0.8333333333333334
192.168.57.1,33388,7.274047285550398,0.8333333333333334
192.168.57.1,33482,7.756397403598202,0.8333333333333334
192.168.57.1,33576,7.668782900346627,0.8333333333333334
192.168.57.1,33669,7.571761109269271,0.8333333333333334
192.168.57.1,33761,7.660129564868881,0.8333333333333334
192.168.57.1,33855,7.638665872579684,0.8333333333333334
192.168.57.1,33948,10.901863735896367,0.8333333333333334
192.168.57.1,34041,8.006200092360043,0.0
192.168.57.1,34132,7.5671316396906185,0.0
192.168.57.1,34225,7.496768365392167,0.0
192.168.57.1,34318,7.486019290711845,0.0
192.168.57.1,34411,7.484377203875562,0.0
192.168.57.1,34504,7.48412634980132,0.0
192.168.57.1,34596,7.484088168991994,0.0
192.168.57.1,34689,7.484082195267867,0.0
192.168.57.1,34782,7.484081282689433,0.0
192.168.57.1,34876,10.833929199848598,0.0
192.168.57.1,34969,7.995822044882416,0.0
192.168.57.1,35063,7.56069390604131,0.0
192.168.57.1,35156,7.495784902350423,0.0
192.168.57.1,35250,7.48583329290515,0.0
192.168.57.1,35343,7.4843487898437475,0.0
192.168.57.1,35436,7.484122009120009,0.0
192.168.57.1,35530,7.484087239934469,0.0
192.168.57.1,35625,7.484082016306167,0.0
192.168.57.1,35718,7.484081255350276,0.0
192.168.57.1,35811,10.833929199848598,0.0
192.168.57.1,35905,7.985587226347604,0.0
192.168.57.1,35998,7.56069390604131,0.0
192.168.57.1,36091,7.495784902350423,0.0
192.168.57.1,36182,7.485942773110551,0.0
192.168.57.1,36274,7.484371318642591,0.0
192.168.57.1,36367,7.484125450741277,0.0
192.168.57.1,36460,7.484087890629708,0.0
192.168.57.1,36548,7.484082262713252,0.0
192.168.57.1,36639,7.4840813002023525,0.0
192.168.57.1,36727,11.11587179238493,0.0
192.168.57.1,36820,8.038893121562012,0.0
192.168.57.1,36911,7.5723319355241445,0.0
192.168.57.1,37004,7.497562790734527,0.0
192.168.57.1,37096,7.48618268271916,0.0
192.168.57.1,37187,7.484415402170634,0.0
192.168.57.1,37279,7.4841332273641035,0.0
192.168.57.1,37371,7.4840892410876245,0.0
192.168.57.1,37464,7.484082359047003,0.0
192.168.57.1,37557,7.484081307709221,0.0
192.168.57.1,37651,10.766932238214462,0.0
192.168.57.1,37743,7.995822044882416,0.0
192.168.57.1,37836,7.562257432324973,0.0
192.168.57.1,37929,7.496023755089374,0.0
192.168.57.1,38021,7.485942773110551,0.0
192.168.57.1,38114,7.484365514632576,0.0
192.168.57.1,38202,7.484129182029298,0.0
192.168.57.1,38295,7.484088460641465,0.0
192.168.57.1,38388,7.484082239821824,0.0
192.168.57.1,38481,7.484081289495737,0.0
192.168.57.5,33352,9.745088671816205,0.8333333333333334
192.168.57.5,33446,7.766838754686772,0.8333333333333334
192.168.57.5,33539,7.653598812162689,0.8333333333333334
192.168.57.5,33631,7.709646507619922,0.8333333333333334
192.168.57.5,33724,7.755970828463392,0.8333333333333334
192.168.57.5,33816,7.2198476599672,0.8333333333333334
192.168.57.5,33910,7.446387085771258,0.8333333333333334
192.168.57.5,34003,7.6214289051722846,0.5
192.168.57.5,34095,7.4735273564850875,0.5
192.168.57.5,34187,7.468403663125597,0.5
192.168.57.5,34279,9.841800842702757,0.5
192.168.57.5,34372,7.619989967694581,0.5
192.168.57.5,34464,7.491177746195694,0.5
192.168.57.5,34559,7.6097645104725995,0.5
192.168.57.5,34651,7.608549349582859,0.5
192.168.57.5,34744,7.095677796144174,0.5
192.168.57.5,34837,7.4213711291923055,0.5
192.168.57.5,34928,7.4677822395053886,0.5
192.168.57.5,35022,7.454583801398015,0.5
192.168.57.5,35116,7.465991862736984,0.5
192.168.57.5,35209,9.841539075231342,0.5
192.168.57.5,35302,7.619824665655793,0.5
192.168.57.5,35395,7.490871099657191,0.5
192.168.57.5,35486,7.592726721339831,0.5
192.168.57.5,35580,7.60603601163973,0.5
192.168.57.5,35674,7.105950028125744,0.5
192.168.57.5,35766,7.420388125784395,0.5
192.168.57.5,35860,7.467109610402996,0.5
192.168.57.5,35954,7.454636781314713,0.5
192.168.57.5,36046,7.466140395985619,0.5
192.168.57.5,36138,9.77060618086914,0.5
192.168.57.5,36229,7.6240696931614,0.5
192.168.57.5,36321,7.49135577444921,0.5
192.168.57.5,36413,7.626336762941513,0.5
192.168.57.5,36502,7.615796885065419,0.5
192.168.57.5,36593,7.092935090819622,0.5
192.168.57.5,36680,7.411251529128693,0.5
192.168.57.5,36773,7.470219545277597,0.5
192.168.57.5,36864,7.454838412463198,0.5
192.168.57.5,36955,7.465333588972471,0.5
192.168.57.5,37048,9.701564213232892,0.5
192.168.57.5,37139,7.619601048772233,0.5
192.168.57.5,37230,7.491257433572977,0.5
192.168.57.5,37324,7.641722193329314,0.5
192.168.57.5,37417,7.601082126285999,0.5
192.168.57.5,37511,7.083265158106569,0.5
192.168.57.5,37603,7.428896702666151,0.5
192.168.57.5,37695,7.469424147614186,0.5
192.168.57.5,37789,7.455485604218954,0.5
192.168.57.5,37881,7.466448685128385,0.5
192.168.57.5,37974,9.635144063919869,0.5
192.168.57.5,38067,7.6077428143934664,0.5
192.168.57.5,38155,7.4913453306729565,0.5
192.168.57.5,38248,7.65616133855711,0.5
192.168.57.5,38341,7.59870401891316,0.5
192.168.57.5,38433,7.08378440956404,0.5
192.168.57.5,38526,7.434384812465155,0.5
192.168.57.5,38620,7.4705262368012075,0.5
192.168.57.5,38710,7.455866035569547,0.5
192.168.57.5,38801,7.466355049952633,0.5
192.168.57.4,33956,5.868575179844994,0.8333333333333334
192.168.57.4,34049,6.887318267010031,0.0
192.168.57.4,34142,7.28675756982924,0.0
192.168.57.4,34236,7.444636171349825,0.0
192.168.57.4,34330,7.506016832629075,0.0
192.168.57.4,34422,7.529572444182834,0.0
192.168.57.4,34516,7.539038689567716,0.0
192.168.57.4,34608,7.5426714819572345,0.0
192.168.57.4,34702,7.544131384796651,0.0
192.168.57.4,34795,7.544695324754119,0.0
192.168.57.4,34889,5.825289027565658,0.0
192.168.57.4,34981,6.862865025277771,0.0
192.168.57.4,35075,7.279833567036651,0.0
192.168.57.4,35168,7.440902656948868,0.0
192.168.57.4,35260,7.503743095807029,0.0
192.168.57.4,35353,7.528834398251391,0.0
192.168.57.4,35446,7.538688029437155,0.0
192.168.57.4,35539,7.542557659073176,0.0
192.168.57.4,35632,7.544077305306901,0.0
192.168.57.4,35726,7.544677946306658,0.0
192.168.57.4,35821,5.825289027565658,0.0
192.168.57.4,35914,6.869686975060983,0.0
192.168.57.4,36007,7.279833567036651,0.0
192.168.57.4,36101,7.441944230415369,0.0
192.168.57.4,36193,7.504156264884948,0.0
192.168.57.4,36284,7.528670503247881,0.0
192.168.57.4,36376,7.538558652551308,0.0
192.168.57.4,36468,7.542481061926566,0.0
192.168.57.4,36562,7.544057352551048,0.0
192.168.57.4,36650,7.5446459591784345,0.0
192.168.57.4,36744,5.876367945324821,0.0
192.168.57.4,36832,6.855974166910891,0.0
192.168.57.4,36925,7.274448396046356,0.0
192.168.57.4,37016,7.436630085542055,0.0
192.168.57.4,37108,7.502048261553592,0.0
192.168.57.4,37199,7.527825858664636,0.0
192.168.57.4,37291,7.53822360079082,0.0
192.168.57.4,37382,7.542320761912311,0.0
192.168.57.4,37476,7.54399503048344,0.0
192.168.57.4,37570,7.5446459591784345,0.0
192.168.57.4,37663,5.876367945324821,0.0
192.168.57.4,37756,6.889746229381588,0.0
192.168.57.4,37847,7.282485831402274,0.0
192.168.57.4,37941,7.442975388147204,0.0
192.168.57.4,38034,7.504970249285356,0.0
192.168.57.4,38127,7.529316314955817,0.0
192.168.57.4,38219,7.538814831722974,0.0
192.168.57.4,38307,7.542481061926566,0.0
192.168.57.4,38400,7.544047224762687,0.0
192.168.57.4,38493,7.544662274180638,0.0
192.168.57.4,38588,5.893054865907562,0.0
192.168.57.4,38682,6.902786973488513,0.0
192.168.57.4,38772,7.28511157312424,0.0
192.168.57.4,38864,7.441944230415369,0.0
192.168.57.4,38957,7.504565302272088,0.0
192.168.57.4,39050,7.529157287797806,0.0
192.168.57.4,39142,7.538751749178773,0.0
192.168.57.4,39235,7.542582682518433,0.0
192.168.57.4,39327,7.544077305306901,0.0
192.168.57.4,39418,7.544666251474821,0.0
